1,respect…,…を尊重する,0
2,will,意志,0
3,individual,個人,0
4,Take it easy.,気楽にやれ,1
5,assure A (that) ～,Aに～を確約する（保証する）,1
6,turn out (to be)…,…という結果になる,1
7,let go of …/let … go,…を離す、…を捨てる,1
8,negative,悲観的な,0
9,outlook,見方（態度）,0
10,maintain…,…を維持する,0
11,positive,積極的な、前向きな,0
12,attitude(to/toward…),(～に対する)態度,0
13,fair,公平な,0
14,regardless of･･･,･･･に関わらず,1
15,national,国の･･･、国内の･･･,0
16,origin,起源、生まれ,0
17,gender,性別,0
18,creed,信条,0
19,equality,平等,0
20,guarantee ・・・,･･･を保証する、･･･を約束する,1
21,constitution,憲法,0
22,lean (・・・),･･･に寄りかかる,1
23,pillar,柱、支柱,0
24,gaze (at・・・),･･･をじっと見つめる,1
25,statue,彫刻,0
26,liberty,自由,0
27,pass by (･･･),･･･のそばを通りすぎる,1
28,give off･･･,･･･を発する,1
29,subtle,かすかな,0
30,scent,香り,0
31,perfume,香水,0
32,remind A of B,AにBを思い出させる,1
33,ex-･･･,前の･･･,0
34,smell (・・・),･･･なにおいがする,1
35,awful,ひどい,0
36,taste･･･,･･・な味がする,0
37,terrific,すばらしい,0
38,soaked,びしょ濡れの,0
39,sweat,汗,0
40,stand back,後ろに下がる,1
41,stink,悪臭がする、臭い,0
42,take a shower,シャワーを浴びる,1
43,be beside oneself (with・・・),(・・・で)ひどく興奮する、取り乱す,1
44,scarcely,ほどんど(～し)ない,0
45,tell A from B,AとBを区別する,1
46,fact,現実,0
47,fiction,作り話、虚構,0
48,novel,小説,0
49,combine A with(and） B,AとBを組み合わせる,1
50,prose,散文,0
51,gift,才能、贈り物,0
52,poetry,詩,0
53,publish ・・・,･･･を出版する,1
54,up-to-date･･･,最新の･･･,0
55,edition,版,0
56,encyclopedia,百科事典,0
57,come out,発売される、出版される,1
58,translate (･･･)(from A into B),(･･･を)(AからBに)翻訳する,1
59,fascinating,魅了する,0
60,fairy,妖精,0
61,fairy tale,おとぎ話,1
62,plain,平易な,0
63,following,以下の･･･,0
64,passage,一説,0
65,quote (・・・),(･･･を)引用する,1
66,well-known,有名な,0
67,fable,寓話,0
68,be familiar with ･･･,･･･をよく知っている,1
69,contemporary,現代の,0
70,literature,文学,0
71,next to･･･,ほとんど･･･,1
72,at times,たまに、時々,1
73,confuse A with(and) B,AとBを混同する,1
74,curve,曲線,0
75,carve (・・・),･･･を彫る,1
76,shy,はずかしがりの,0
77,pronunciation,発音,0
78,more or less,だいたい,1
79,correct,正しい,0
80,article,記事,0
81,contain ・・・,･･･を含んでいる,1
82,tip,役に立つ情報,0
83,ｔhose who～,～というひとたち,1
84,be eager to ･･･,しきりに･･･したがっている,1
85,increase (・・・),･･･を増やす,1
86,vocabulary,語彙,0
87,latest,最新の,0
88,work,仕事、作品,0
89,be on display,展示されている,1
90,city hall,市庁舎,1
91,fabulous,すてきな,0
92,beyond description,言葉では表せないほど,1
93,move over,席をつめる,1
94,realize･･･,･･･ということに気付く,0
95,take up ・・・,･･･を取る,1
96,ugly,醜い、不恰好な,0
97,object,物体、物,0
98,a piece of･･･,1つの,1
99,abstract,抽象的な,0
100,beg (・・・),･･･にすがってお願いする,1
101,lend ･･･A,･･･にAを貸す,1
102,buck,ドル,0
103,shake one's head,NOと言う、首を横に振る,1
104,be (flat) broke,(全然)お金がない、すっからかんだ,1
105,be apt to ・・・,･･･しがちである,1
106,on impulse,衝動的に,1
107,on sale,バーゲンで,1
108,So am I.,わたしもそうです。,1
109,as it is,実際のところ,1
110,ordinary,普通の,0
111,can afford to ・・・,･･･する余裕がある,1
112,purchase ・・・,･･･を購入する,1
113,luxury,ぜいたく品,0
114,anticipate ・・・,･･･を予期する,1
115,unemployment,失業,0
116,rate,率、割合,0
117,rise,(･･･)が上がる、増える,0
118,quarter,四半期,0
119,in a row,連続で,1
120,cut down on ・・・,･･･を減らす,1
121,expense,出費,0
122,from now on,これからは,1
123,keep track of ・・・,･･･の動き(流れ)を常に記録する,1
124,daily,毎日の,0
125,on a ･･･ basis,･･･という基準(やり方)で,1
126,in any case,とにかく、いずれにせよ,1
127,union,労働組合,0
128,compromise (・・・),(･･･)について妥協する,1
129,certain,ある・・・,0
130,to ･･･ extent,･･･の程度,1
131,competent,能力(技能)を持つ,0
132,mechanic,整備士、修理工,0
133,be in demand,需要がある,1
134,earn ・・・,･･･を稼ぐ,1
135,decent,かなりよい,0
136,wages,賃金,0
137,president,大統領,0
138,announce ・・・,･･･を公表する,1
139,concrete,具体的な,0
140,carry ･･･ out,･･･を実行する,1
141,welfare,福祉,0
142,reform,改革,0
143,policy,政策,0
144,no doubt,きっと,1
145,lead to ・・・,･･･に至る、導く,1
146,dismal,気分を暗くさせる,0
147,consequence,結果、影響,0
148,thorough,徹底的な,0
149,review,見直し,0
150,it goes without saying that ～,～はいうまでもなく,1
151,aging,高齢化,0
152,inevitable,避けられない,0
153,take a look at･･･,･･･をちょっと見る,1
154,chart,図、表,0
155,indicate ・・・,･･･を示す,1
156,juvenile,青少年の、少年の,0
157,delinquency,非行,0
158,be on the increase,増加している,1
159,alarming,深刻な,0
160,at a ･･･rate,･･･なペースで(割合で),1
161,district,地区,0
162,a lot of ・・・/lots of ・・・,たくさんの・・・,1
163,vacant,だれもいない,0
164,lot,1区画,0
165,be for sale,売り物である,1
166,population,人口,0
167,density,密度,0
168,metropolis,大都市,0
169,gradually,徐々に,0
170,decrease,減少(低下)する,0
171,in all likelihood,ほぼ間違いなく,1
172,birthrate,出生率,0
173,continue to ・・・,･･･し続ける,1
174,decline,減少する,0
175,steadily,着実に,0
176,･･･ to come,これから来る･･･,1
177,power,エネルギー,0
178,power plant,発電所,1
179,supply A (with B),Aに(Bを)供給する,1
180,remote,遠く離れた,0
181,county,群,0
182,electricity,電気,0
183,allow A to ・・・,Aに･･･することを許す,1
184,operate (・・・),･･･を動かす、操作する,1
185,device,装置,0
186,permission,許可,0
187,in (actual) fact,実際は,1
188,inhabitant,住民,0
189,expose A to B,AをBにさらす,1
190,radiation,放射能、放射線,0
191,cannot do ･･･ too much,いくら･･･してもしすぎることはない,1
192,emphasize ・・・,･･･を強調(力説)する,1
193,potential,潜在的な,0
194,danger,危険、危険性,0
195,nuclear,核の、原子力の,0
196,energy,(石油・電気などの)エネルギー,0
197,press,報道陣,0
198,overlook ・・・,･･･を見落とす、見過ごす,1
199,if anything,むしろ、どちらかと言えば,1
200,make ･･･ of A,Aに対して･･･な評価(判断)をする,1
201,as well as･･･,･･･だけでなく,1
202,cultivate ・・・,･･･を栽培する,1
203,grain,穀物,0
204,farmer,農業経営者,0
205,run ・・・,･･･を経営する,1
206,grocery store,食料雑貨店,1
207,reseach (into/on ・・・),(・・・に関する)研究,1
208,institute,理系の大学、組織,0
209,establish ・・・,･･･を設立する,1
210,late,･･･後半の,0
211,1960s,1960年代,0
212,why don't you do･･･？,･･･したら？,1
213,consult ･･･(about A),(Aに関して)･･･に相談する,1
214,in  person,本人と直接会って,1
215,by far,はるかに、間違いなく,1
216,prominent,傑出した、著名な,0
217,attorney,弁護士,0
218,write ･･･down,･･･を書き留める,1
219,just in case,念のため,1
220,have a bad memory,記憶力が悪い,1
221,recommend (that) A (should) ・・・,Aに･･･するのがいいと勧める,1
222,client,依頼人、顧客,0
223,legal,法的な,0
224,take (･･･) action,(・・・な)行動をとる,1
225,insurance,保険,0
226,be entitled to do・・・,・・・する権利がある,1
227,compensate(A) for B,（A(人)が被った）B(損害)を補償する,1
228,injury,(事故・スポーツなどによる)けが、負傷,0
229,so far,現在までに,1
230,no less than・・・,・・・もの（多くの）,1
231,die of (from)・・・,・・・（病気など）で死ぬ,1
232,the flu,インフルエンザ,1
233,epidemic,(伝染病の)流行,0
234,effect,効果,0
235,pill,錠剤,0
236,intense,(感情・勢いなどが)激しい、強烈な,0
237,brief,短時間の,0
238,have a habit of doing・・・,・・・する(よくない)癖がある,1
239,bite（・・・）,（・・・を）噛む,0
240,nail,爪,0
241,absolutely,全く,0
242,disgusting,ぞっとするような,0
243,grandma,おばあちゃん,0
244,strain(・・・),(無理をして)・・・（体の一部）を痛める,0
245,back,背中、腰,0
246,bend down [over],腰をかがめる,1
247,hug・・・,・・・を（ぎゅっと）抱きしめる,0
248,stiff,(筋肉などが)凝った,0
249,herbal,薬草の、漢方の,0
250,remedy,治療(法),0
251,medical,医学の・・・,0
252,breakthrough,(科学・技術などの)飛躍的な発展,0
253,brihg・・・about,・・・（変化など）をもたらす,0
254,benefit,(恩恵、幸福などの非金銭的な)利益,0
255,humanity,人類,0
256,･･･ as a whole,・・・を全体（一つ）として,1
257,apply A to B,A(理論など)をBに応用(適用)する,1
258,clone・・・,・・・のクローンを作る,0
259,technique,（実用的な）技術,0
260,cattle,(家畜用の)牛,0
261,let alone・・・,(否定文に続いて)・・・はなおさら（～でない）,1
262,human(being),(神・動物・機械に対して）人間,0
263,forbid・・・,(絶対的な圧力で）・・・(行為)を禁止する,0
264,whale,鯨,0
265,classify・・・,・・・を分類する,0
266,mammal,哺乳動物,0
267,theory,理論、学説,0
268,evolution,進化,0
269,beyond[out of]the reach of・・・,・・・の届かない範囲に,1
270,imagination,想像力,0
271,biologist,生物学者,0
272,be proud of・・・,・・・を誇りに思う,1
273,historic,歴史的(に重要)な,0
274,discovery,発見（したもの）,0
275,boast about[of]・・・,・・・を自慢げに話す,1
276,ethical,倫理上の、倫理的な,0
277,on・・・grounds,・・・な理由から,0
278,be opposed to・・・,・・・に反対である,1
279,so-called,いわゆる,0
280,gene,遺伝子,0
281,therapy,(特殊な)治療、療法,0
282,initial,最初の・・・,0
283,symptom,(病気の)兆候、症状,0
284,disease,病気,0
285,fever,(病気による)高熱,0
286,sore,(炎症などを起こして)痛い,0
287,throat,喉,0
288,structure,構造,0
289,brain,脳,0
290,complex,(構造などが)複雑な,0
291,owing to ・・・,・・・のために、・・・が理由で,1
292,illness,病気,0
293,representative,代表(者),0
294,be absent from・・・,・・・を欠席する,1
295,annual,年に1度の・・・,0
296,conference,(公式の大きな)会議,0
297,little by little,徐々に,1
298,son-in-law,娘婿,0
299,recover　from・・・,・・・（病気）から回復する,0
300,stomach,胃,0
301,cancer,癌,0
302,be in ・・・spirits,・・・な気分(精神状態)である,1
303,fake,偽者の,0
304,genuine,(物が)本物の,0
305,antique,骨董品,0
306,Ｎｏ　ｗａｙ！,まさか(信じられない)！,0
307,Ａｎｙｔｈｉｎｇ　ｅｌｓｅ?,ほかに何か？,0
308,That's it.,(それで)以上です,1
309,For here or to go?,(ファーストフード店などで)こちらでお召し上がりですか(それともお持ち帰りですか)?,1
310,rug,(床の一部に敷く装飾的な）敷物,0
311,including・・・,・・・を含めて,0
312,tax,税金,0
313,I'll take it.,それ(これ)にします(決めます),1
314,pants,(男女用とも)(洋服の)パンツ、ズボン,0
315,look good [nice] on・・・,(服などが）・・・(人)に似合う,1
316,try・・・on,・・・を試しに着てみる,0
317,be in,流行っている,1
318,get out(of・・・）,（・・・(小型の車など)から)降りる,1
319,cab,タクシー,0
320,in haste,急いで,1
321,Keep the change.,おつりはいりません,1
322,delivery,配達,0
323,service,(便利な)サービス,0
324,available,(ものが)利用(入手・購入)可能な,0
325,customer,(小売業・飲食業・企業の)客,0
326,slight,(量・程度が)わずかな,0
327,extra,追加の,0
328,charge,料金,0
329,It's on me.,(この支払いは)私のおごりです,1
330,treaｔ・・・,・・・にごちそうする(ごほうびをあげる),0
331,every time～,～するときはいつでも,1
332,eat out,外食する,1
333,split the check,割り勘にする,1
334,check,(レストランの)伝票,0
335,hang out,(友達と[どこかで])何となく時間を過ごす、ぶらぶらする,1
336,mall,(巨大な)ショッピングセンター[モール],0
337,run into・・・,・・・(人)に偶然出会う,1
338,be short of・・・,・・・が不足している,1
339,withdraw(・・・）,・・・(預金など）を引き出す,0
340,deposit・・・,・・・(お金など)を預ける,0
341,account,(銀行)口座,0
342,on the [one's] way (to・・・),（・・・に向かう)途中で,1
343,rob A of B,A(人)からB(物・金)を奪う,1
344,purse,(女性用の)ハンドバッグ,0
345,odd,奇妙な,0
346,happen,(偶然・不意に)起こる,0
347,explain A　to B,AをB(人)に説明する,1
348,curfew,門限,0
349,punishment,罰,0
350,break one's promise[word],約束を破る,1
351,as the proverb goes[says],諺にある通り,1
352,end,(最終)目的,0
353,justify・・・,・・・を正当化する,0
354,means,手段,0
355,now (that)～,(さあ(いまや))～なのだから,1
356,turn to・・・,(辛い(困った)時)・・・に頼る,1
357,stand on one's own two feet,(人が)自立する,1
358,chairman/chairwoman,(会議などの)議長,0
359,cut・・・of,・・・(人)の話を遮る,0
360,wind (・・・) up,(・・・(会合など)を)終わりにする,1
361,take a vote,決を採る,1
362,exchange・・・,・・・を交換する,0
363,frank,(よい意味で)率直な,0
364,opinion,意見、考え,0
365,meeting,(会社などの)会議、打ち合わせ,0
366,consensus,(グループ内の)まとまった意見,0
367,have [be] yet to do・・・,まだ・・・していない,1
368,reach(・・・),・・・(合計・結論など)に達する,0
369,regarding・・・,・・・に関して,0
370,matter,事柄、問題,0
371,agree with・・・,・・・(人)と同じ意見である,1
372,disagree with・・・,・・・(人)と意見が異なる,1
373,be on one's side,・・・の味方(側)である,1
374,strictly speaking,厳密に言うと,1
375,view,考え、見解,0
376,differ from・・・,・・・と異なる,1
377,somewhat,いくらか,0
378,go over・・・,・・・(の全体)をよく見る(説明する/理解する),1
379,make ･･･ out,(通例can-）・・・(わかりにくいこと)を理解できる,1
380,be getting at・・・,・・・を言おうとしている,1
381,back (・・・）up,・・・を後援(支持)する,1
382,at first,最初は,1
383,eventually,最終的には,0
384,talk A into doing・・・,A(人)を説得して・・・させる,1
385,go along with・・・,・・・(意見など)に賛成する,1
386,admire・・・,・・・をすばらしい(すごい)と思う、・・・に感心する,0
387,perseverance,不屈の努力,0
388,courage,勇気,0
389,wisdom,知恵,0
390,You flatter me.,お世辞でもうれしいよ,1
391,in doing・・・,・・・する時は,1
392,make a decision,どうするかを決める,1
393,rely on [upon] ・・・,・・・に頼る,1
394,not A but B,AではなくB,1
395,logic,論理,0
396,instinct,本能,0
397,come up with・・・,・・・(うまい考えなど)を考え出す,1
398,ingenious,(考えなどが)独創的な,0
399,sensible,(人・判断などが)賢明な,0
400,solution(to・・・),（・・・に対する)解決策,0
401,immediately,直ちに,0
402,put ・・・into practice,・・・(考え・計画など）を実行に移す,1
403,objective,客観的な,0
404,from ・・・viewpoint,・・・の見地(観点)からすると,1
405,former,(the-)前者,0
406,be inferior to・・・,・・・よりも劣る,1
407,latter,(the-)後者,0
408,sound・・・,（聞いたところ）・・・のようだ,0
409,marvelous,すばらしい,0
410,in theory,理論的には,1
411,yet,しかし(それでも),0
412,in practice,(理論ではなく)実際には,1
413,expect A to do・・・,Aが・・・することを期待する,1
414,defeat・・・,・・・(相手)にかつ、・・・(相手)を負かす,0
415,opponent,(論争・試合などの)相手、対抗者,0
416,fail to do・・・,(そうすべきなのに)・・・しない,1
417,live up to one's expectations,・・・の期待に応える,1
418,ironically,皮肉にも,0
419,despite・・・,・・・にもかかわらず,0
420,endeavor,(壮大な)試み、努力,0
421,mission,(政治的・軍事的な)任務、使命,0
422,result in・・・,・・・(結果)に終わる,1
423,complete,全くの・・・,0
424,failure,失敗,0
425,genius,天賦の才能,0
426,make up for・・・,・・・(マイナス状態)を埋め合わせる,1
427,lack,(必要なものの)欠乏、不足,0
428,firsthand,(情報などが)直接得た,0
429,experience,(長い時間をかけて習得した)経験,0
430,possess・・・,・・・を所有する,0
431,capacity,(人の)能力,0
432,overcome・・・,・・・を克服する,0
433,obstacle,障害,0
434,without・・・,(そのとき)・・・が無かった(いなかった）なら,0
435,solid,(関係・土台などが)しっかりした、(支持などが)団結した,0
436,support,支持,0
437,deal,取引,0
438,would have done・・・,・・・していただろう,1
439,fall through,(交渉・計画など)がうまくいかない,1
440,be grateful to・・・(for A),(Aのことで)・・・(人)に感謝している,1
441,flammable,可燃性の,0
442,item,品目,0
443,cabin,(飛行機・船などの)客室,0
444,prohibit・・・,(法律・規則で)・・・(行為)を禁止する,0
445,flight,(飛行機の)便,0
446,Vienna,(オーストリアの首都)ウィーン,0
447,delay(・・・),・・・を遅らせる,0
448,on account of・・・,・・・(好ましくないこと）が理由で,1
449,minor,(程度・重要度などが)小さな,0
450,accident,事故,0
451,plane,飛行機,0
452,blow(・・・)up,(建物などが)爆発する,0
453,plunge(・・・)(into A),(Aに)勢いよく(激しく)飛び込む,1
454,ocean,(the-)海,0
455,・・・on board,(飛行機などに)乗っている・・・,1
456,around the clock,昼夜休むことなく,1
457,look into・・・,・・・を調査する,1
458,cause,原因,0
459,crash,(飛行機の)墜落,0
460,unfortunately,不幸(不運)にも,0
461,few,(数が)ほとんどない(いない),0
462,passenger,(乗り物に)乗る人、乗客,0
463,survive(・・・),（・・・(事故など)で)生き残る,0
464,catastrophe,大惨事,0
465,aviation,航空,0
466,expert,専門家、評論家,0
467,analyze・・・,・・・を分析する,0
468,statistics,(複数扱い)統計,0
469,in detail,詳細に,1
470,on behalf of・・・,・・・の代表(代理)として,1
471,staff,社員、職員(全体),0
472,express・・・,・・・を表現する,0
473,sympathy,同情、共感,0
474,victim,犠牲者、被害者,0
475,in a sense,ある意味では,1
476,A is to blame (for B),(Bは)Aのせいだ,1
477,disaster,惨事,0
478,vehicle,車両、乗り物,0
479,inspect・・・,・・・を(綿密に)検査する,0
480,defect,(機械などの)欠陥,0
481,every・・・,・・・ごとに,0
482,"be amazed to hear[see, etc.]・・・",・・・を聞いて(見て)(とても)驚く,1
483,utility,(公益サービスの）電気、ガス、(上下)水道,0
484,bill,請求書,0
485,come to・・・,（合計が)・・・になる,1
486,turn ・・・off,・・・(水栓)を止める,1
487,faucet,水道の栓,0
488,yell(・・・）,（興奮して)(・・・と)叫ぶ,0
489,in a rage,激怒して,1
490,tighten・・・,・・・をきつく締める,0
491,lid,(箱・鍋などの）蓋,0
492,so (that)A will do・・・,Aが・・・するように,1
493,go bad,(食べ物などが)腐る、いたむ,1
494,borrow・・・,・・・(もの)を(無料で)借りる,0
495,scissors,はさみ,0
496,Sure.,もちろん,0
497,Here you are.,(物を手渡すときに）はいどうぞ,1
498,substitude・・・（for A),・・・を（Aの)代わりに使う,1
499,transparent,透明な,0
500,glue,接着剤,0
501,needle,縫い針,0
502,thread,(裁縫用の)糸,0
503,dye・・・,・・・を染める,0
504,fabric,織物、生地,0
505,shrink(・・・),縮む,0
506,get rid of ・・・,・・・を処分する[捨てる],1
507,leather,革,0
508,wear(・・・）out,・・・をすり切らす,0
509,elbow,(服の）肘の部分,0
510,add A to B,AをBに加える,1
511,flour,小麦粉,0
512,mixture,混合物,0
513,stir・・・,・・・をかき混ぜる,0
514,thick,(スープなどが ）濃い、とろみのある,0
515,do with・・・,・・・をどうにかする[扱う],1
516,leftovers,(食事の)残り物,0
517,fridge,冷蔵庫,0
518,for now,とりあえず,1
519,microwave,電子レンジ,0
520,lay　・・・　out,・・・(大金)をつぎ込む,0
521,on second thought,考え直して、やっぱり,1
522,decide　to do・・・,・・・することに決める,1
523,put ・・・　aside,・・・(物・お金など）を取っておく,1
524,for a rainy day,まさかの時のために,1
525,cell phone,携帯電話,1
526,something of a・・・,ちょっとした・・・,1
527,necessity,必需品,0
528,do without・・・,・・・なしでやっていく,1
529,no sooner A than B,Aした途端にBが起こる,1
530,sit back,ゆったりと座る,1
531,relax(・・・),くつろぐ,0
532,chore,(-s)（特に家庭内の)雑用,0
533,lay・・・,・・・を(そっと)置く,0
534,lie down,(体を休めるために)横になる,1
535,put　・・・　away,・・・を(収納場所に)片付ける,0
536,stuff,もの、こと,0
537,in one's way/in the way (of・・・),(・・・の)邪魔になって,1
538,make believe (that～),(～の)まねをして遊ぶ,1
539,dinosaur,恐竜,0
540,scold・・・（for A),(Aのことで)・・・(子供)を叱る,1
541,bump into・・・,・・・に(ドンと)ぶつかる,1
542,shelf,棚,0
543,priceless,とても高価な,0
544,china,陶磁器,0
545,shatter(・・・）,粉々になる,0
546,fragment,(割れた）破片,0
547,keep an eye on・・・,(万が一のことが起こらないよう)・・・から目を離さない、・・・を気を付けて見る,1
548,for a while,少しの間,1
549,pick ・・・　up,(車で)・・・を迎えに行く,1
550,neighbor,隣の住人,0
551,tell・・・off(for A),(Aのことで)・・・(人)にがみがみ説教をする,1
552,mess,散らかって汚い状態[もの],0
553,yard,(米）（家の周りの）庭,0
554,resemble・・・,・・・に(外見などが)似ている,0
555,big sister,姉、お姉さん,1
556,in・・・way,・・・の点[意味]で,0
557,tell・・・apart,・・・(複数の人[もの])を見分ける,0
558,as a (general) rule,概して,1
559,twin,双子の一方,0
560,habe a lot[nothing]in common(with・・・),（・・・と)共通点が多い[ない],1
561,be tired of・・・,・・・にうんざりしている,1
562,do the dishes,食器を洗う,1
563,do the laundry,洗濯する,1
564,and so on[forth],など,1
565,favorite,(一番の)お気に入りの・・・,0
566,pastime,余暇の楽しみ、気晴らし,0
567,stroll,(リラックスして)ぶらぶらと歩く、散歩する,0
568,shore,海岸、湖岸,0
569,pleasant,(性格・雰囲気などが）楽しい、心地よい,0
570,be exhaust(from[by]・・・),(・・・で)疲れ切っている,1
571,take a break,ひと休みする,1
572,shade,日陰,0
573,Why not?,（勧誘の問いに対して)もちろん,1
574,vending machine,自動販売機,1
575,out of order,調子が悪い、故障中の,1
576,be dying of・・・,・・・(空腹・退屈など)で死にそうだ、たまらなく・・・だ,1
577,thirst,喉の渇き,0
578,faint,気を失う,0
579,hunger,空腹,0
580,fatigue,(倒れる寸前の)疲労,0
581,come to,意識を回復する,1
582,after a while,しばらくして,1
583,auditorium,(米）講堂,0
584,empty,(中が)空の,0
585,except for・・・,・・・を除いては,1
586,furniture,(集合的に)家具,0
587,apartment,マンション(一住戸）,0
588,will do,十分である、間に合う,1
589,as long as～,～である限り,1
590,rent,家賃、賃料,0
591,be particular about・・・,・・・の好みがうるさい,1
592,・・・-year-old,・・・歳の,0
593,inherit・・・,・・・（財産）を相続する,0
594,real estate,不動産,1
595,so much for・・・,・・・はここまでにしましょう,1
596,small talk,(当たり障りのない）世間話、雑談,1
597,get down to・・・,(本気で)・・・(仕事など)に取りかかる,1
598,resent・・・,・・・に腹を立てる,0
599,aggressive,強引な、押しの強い,0
600,salesman/saleswoman,販売員,0
601,make A do・・・,(人)に・・・させる,1
602,sign(・・・),(・・・に)署名する,0
603,contract,契約、契約書,0
604,a number of・・・,かなりの・・・,1
605,factor,(結果や判断に影響を与える)要因,0
606,discourage A from doing・・・,A(人)に・・・する気をなくさせる,1
607,invest (・・・）（in A),(・・・を)(Aに）投資する,1
608,stock,株、株式,0
609,import・・・,・・・を輸入する,0
610,various,様々な・・・,0
611,raw,加工していない,0
612,raw materials,(石油などの)原料,1
613,export・・・,・・・を輸出する,0
614,manufactuire・・・,(大規模に)・・・を製造する,0
615,goods,商品、品物,0
616,in the course of ・・・,(長い)・・・の過程に,1
617,economic,経済の,0
618,development,発達、発展,0
619,abandon・・・,・・・を見捨てる,0
620,traditional,伝統的な,0
621,value,(-s)価値観,0
622,be faced with・・・,・・・(大変なこと)に直面する,1
623,unprecedented,いまだかつてない,0
624,crisis,危機,0
625,in short,要するに,1
626,purpose,目的,0
627,regulation,(通例-s)(法制化された)規則,0
628,protect・・・,・・・を保護する,0
629,domestic,国内の,0
630,industry,産業,0
631,in order to do・・・,・・・する目的で,1
632,keep ・・・up,・・・を維持する,1
633,competitiveness,(製品などの）競争力,0
634,undertake・・・,・・・に着手する,0
635,sweeping,(変化などが)大幅な・・・,0
636,deregulation,規則緩和[撤廃],0
637,in earnest,真剣に[な],1
638,turn one's back on・・・,・・・に背を向ける,1
639,desperate,(人が)わらにもすがる思いの,0
640,be at risk (of[for]・・・),(・・・の)危険[危機]にさらされている,1
641,parliament,議会,0
642,provide A with B,AにBを提供する,1
643,developing country,発展途上国,1
644,financial,財政の、財政的な,0
645,aid,(財政面・物資面での)援助,0
646,monarchy,君主国、君主政治,0
647,abolish・・・,・・・(制度・法律など)を廃止する,0
648,What do you think(of/about・・・)?,(・・・について)どう思う?,1
649,seek・・・,・・・を探し求める,0
650,shelter,(悪天候や爆撃などから身を守る）安全な場所,0
651,attack,攻撃,0
652,hide(・・・),隠れる,0
653,prospect,可能性、見込み,0
654,significant,(注目に値する)大きな,0
655,make・・・progress( in A),(Aで)・・・な進歩(進展)をする,1
656,disarmament,軍備縮小,0
657,negotiation,(通例-s)交渉,0
658,be under way,(ある状況が)進行中である,1
659,before long,間もなく、近いうちに,1
660,enter (・・・),・・・に入る,1
661,crucial,きわめて重大[重要]な,0
662,phase,(段階的に変化する)局面、段階,0
663,slave,奴隷,0
664,be anxious to do・・・,・・・したいと切望している,1
665,alter(・・・),・・・を(部分的に)変える,0
666,destiny,運命,0
667,aristocrat,貴族(の一人),0
668,abuse・・・,・・・を乱用[悪用]する,0
669,privilege,特権,0
670,do・・・to one's heart's content,思う存分に・・・する,1
671,revolution,革命,0
672,in itself,それ自体は[が],1
673,bear・・・,・・・(果実)を実らす,0
674,bear fruit,(交渉などが)成果を生む,1
675,after all,結局、やはり,1
676,cut in(on・・・）,（・・・(会話など)に)割り込む,1
677,conversation,会話,0
678,be against・・・,・・・(意見など)に反対である,1
679,ignore・・・,・・・を無視する,0
680,skip(・・・）,・・・(順番など)を飛ばす,0
681,turn,順番,0
682,on purpose,わざと,1
683,bully(・・・）,(・・・を)いじめる,0
684,turn a blind eye (to・・・),(・・・を)見て見ぬふりをする,1
685,cheat on・・・,・・・で不正行為(カンニング)をする,1
686,suspend・・・,・・・(人)を停職[停学]にする,0
687,as for・・・,・・・はと言うと,1
688,get away with・・・,・・・の罰をまんまと逃れる,1
689,hostile (to/toward・・・）,(・・・に対して)敵対的な,1
690,be jealous of・・・,・・・を妬んでいる,1
691,wealth,富,0
692,status,(社会的な高い)地位,0
693,hate・・・,・・・が大嫌い,0
694,behave(・・・),(－副詞(句))(・・・のように)振る舞う,0
695,as if [though]～,まるで～であるかのように,1
696,somebody,すごい人、大物,0
697,in spite of・・・,・・・にもかかわらず、・・・なのに,1
698,compliment,ほめ言葉,0
699,frown,顔をしかめる,0
700,turn away,顔をそむける,1
701,rude,失礼な,0
702,claim・・・,(事実は)・・・だと主張[断言]する,0
703,enormous,莫大な,0
704,property,(集合的に)財産,0
705,at one's disposal,・・・の自由にできる,1
706,"the more～,the more～",～すればするほど～,1
707,stubborn,頑固な,0
708,isolated,孤立した,0
709,beat around the bush,話をじらす,1
710,be supposed to do・・・,(当然)・・・するものだと思われている,1
711,Just wait and see.,(結論を急ぐ人に対して)慌てずに待つしかないよ,1
712,(Only) time will tell.,(最終的にどうなるかは)時がたてばわかる,1
713,hand ・・・in,・・・(レポートなど）を提出する,1
714,assignment,(研究)課題、宿題,0
715,via・・・,・・・を使って,0
716,no(not) later than・・・,・・・までに,1
717,anything but・・・,とても・・・とは思えない、決して・・・でない,1
718,diligent,勤勉な,0
719,That's why～,(前の分を受けて)そういうわけで～だ,1
720,flunk(・・・),(・・・(科目・学科)を)落とす,0
721,math,数学,0
722,thesis,(学位)論文,0
723,make sense,意味をなす,1
724,to begin[start] with,(文頭で)まず(第一に）,1
725,theme,主題,0
726,obscure,(意味などが)曖昧な,0
727,essay,小論文,0
728,concise,簡潔な,0
729,to the point,要領を得た,1
730,deal with・・・,・・・(問題など)に対処する、・・・を処理する,1
731,complicated,複雑な、込み入った,0
732,leave A to B,A(仕事など)をB(人)に任せる,1
733,(It's) a piece of cake.,朝飯前だよ,1
734,look ・・・over,・・・(書類など)にざっと目を通す,1
735,turn ・・・in,(米)・・・(与えられた課題など)を提出する,1
736,I have my hands full.,手が離せないんだ,1
737,right now,今現在,1
738,What if～?,もし～ならどうなるだろう?,1
739,meet (・・・),・・・(基準・要求など)を満たす,1
740,meet the deadline,期限に間に合わせる,1
741,Ｉ　ｂｅｔ（that ) ～,きっと～だ,1
742,get[be] mad[angry] at…,・・・(人)に腹を立てる[腹を立てている],1
743,summary,要約,0
744,leave nothing to be desired,申し分ない,1
745,apart[aside] from・・・,・・・以外は,1
746,terrible,(程度などが）ひどい,0
747,handwriting,(手書きの)字,0
748,ought to do・・・,・・・するべきである,1
749,think ・・・over,・・・を（どうしたらいいのか）よく（慎重に）考える,1
750,premise,(論理などの)前提,0
751,valid,(理由・議論などが)妥当な,0
752,above all,とりわけ,1
753,scientific,科学の,0
754,term,(専門)用語,0
755,call for・・・,・・・を必要とする,1
756,precise,厳密な,0
757,definition,定義,0
758,first of all,何よりもまず,1
759,formula,(数学などの)公式,0
760,learn ・・・by heart,・・・を暗記する,1
761,calculate・・・,・・・を計算する,0
762,volume,体積、容積,0
763,multiply A by B,AにBを掛ける,1
764,length,縦,0
765,width,横,0
766,depth,深さ,0
767,tiny,とても小さな,0
768,crack,ひび,0
769,bottom,(the-)底,0
770,barrel,樽,0
771,chapter,(書物などの）章,0
772,focus on・・・,・・・に焦点をあてる,1
773,concept,概念、考え,0
774,geometry,幾何学,0
775,be interested (in・・・),(人が)(・・・に)関心(興味)がある,1
776,academic,(純粋に)学問的な,0
777,subject,主題、テーマ,0
778,practical,実用的な,0
779,skill,(実用的な)技能(技術),0
780,go wrong with・・・,・・・(機械)の調子が悪くなる,1
781,microscope,顕微鏡,0
782,have A done,(専門の人に)Aを・・・してもらう,1
783,have ・・・repaired,・・・を(誰かに)修理してもらう,1
784,Let me see it.,(ちょっと)見せて,1
785,fix・・・,・・・を修理する,0
786,instrument,(医療・計測用などの)器具,0
787,for instance,例えば,1
788,gauge/gage,計器,0
789,such as・・・,(例えば)・・・とか(みたいな）,1
790,thermometer,温度計,0
791,barometer,気圧計,0
792,minute,極めて小さい(細かい),0
793,particle,粒子,0
794,barely,何とか・・・(する)、かろうじて・・・,0
795,visible,目に見える,0
796,the naked eye,肉眼,1
797,muscle,筋肉,0
798,tissue,(細胞からなる動植物の)組織,0
799,consist of ・・・,・・・から成る,1
800,vast,膨大な,0
801,cell,細胞,0
802,substance,物質,0
803,mostly,主に,0
804,be composed of・・・,・・・から構成されている,1
805,hydrogen,水素,0
806,oxygen,酸素,0
807,exact,正確な,0
808,temperature,温度、体温,0
809,degree,(温度・角度の)度,0
810,Celsius,セ氏,0
811,show(・・・）　off,(・・・を)見せびらかす(ひけらかす),0
812,perfect,完璧な,0
813,figure,(女性の)体形(スタイル),0
814,I wish (that)～,～だったらなあ,1
815,thin ,(人が)細い、痩せた,1
816,envy・・・,・・・を羨む,0
817,go(be) on a diet,ダイエットを始める(中である),1
818,fall in love (with・・・),(・・・に)恋をする,1
819,at first sight,一目見ただけで,1
820,take a chance,思い切ってやってみる,1
821,propose( to・・・),(・・・に）結婚を申し込む,1
822,turn ・・・ down,・・・(人)のお願いごとを断る,1
823,by chance,偶然に,1
824,gentle,(人などの性質が)優しい,0
825,smart,(人・機械などが)頭のいい,0
826,what's more,おまけに,1
827,single,独身の,0
828,nephew,甥,0
829,bring ・・・up,・・・(子供)を育てる,1
830,modest,謙虚な,0
831,considerate,(他人に対して)思いやりのある,0
832,introduce・・・（to A),・・・を(Aに)紹介する,1
833,folks,(one's-)両親,0
834,take to・・・,・・・が好きになる,1
835,at once,すぐに,1
836,judge(・・・),(・・・を)判断する,0
837,not so much A as B,AというよりもむしろB,1
838,how A looks,A(人・物)の外見、見た目,1
839,who (what) I am,本当の自分、現在の自分,1
840,it is A that～,Aこそが～だ,1
841,title,肩書き,0
842,count(・・・),重要である,0
843,for sure,確かに,1
844,exclaim(・・・),(・・・と）語気を強めて言う,0
845,as ・・・put it,・・・(人)が言うように,1
846,self-made,(人が)自らの努力で成功(出世)した・・・,0
847,・・・ of A,A(という性質)を持つ・・・,1
848,vision,先見の明,0
849,make good,(社会的・経済的に)成功する,1
850,in the end,(過程はどうであれ)最後には,1
851,keep(bear)・・・in mind,・・・を覚えておく,1
852,youth,若さ,0
853,eternal,永遠の,0
854,figure ・・・ out,(よく考えた末に)・・・を理解する,1
855,on earth,(疑問文中で)いったい,1
856,contempt(for・・・),（・・・に対する)軽蔑,0
857,can't help doing・・・,・・・せずにはいられない、ついつい・・・してしまう,1
858,laugh at・・・,・・・をばかにして笑う,1
859,keep on doing・・・,・・・し続ける,1
860,stupid,ばかな,0
861,make a mistake,間違える、間違いをする,1
862,last,(the-)最も可能性の低い,0
863,learn one's lesson,教訓を得る、懲りる,1
864,to make matters worse,さらに悪いことに,1
865,be conscious of・・・,・・・を自覚している,1
866,annoy・・・,・・・を不快な気分にさせる,0
867,since～,～なので,0
868,be in a hurry,慌てている,1
869,put ・・・on,・・・を着る,1
870,glove,(指が5本に分かれた)手袋,0
871,inside out,裏返しに,1
872,by mistake,誤って、間違えて,1
873,fat ,デブの,1
874,clumsy,不器用な、(動きが鈍くて)どじな,0
875,leap,(前方に大きく)跳ぶ、飛び越える,0
876,shallow,(水深・容器などが)浅い,0
877,stream,小川,0
878,stumble,つまづく,0
879,twist(・・・）,・・・を捻挫する,0
880,ankle,足首,0
881,be scared(of・・・）,（・・・が)怖い,1
882,height,(-s)高い所,0
883,coward,臆病者、弱虫,0
884,passive,(性格などが)消極的な,0
885,"seldom(,if ever,)",めったに・・・ない,1
886,express oneself,自分を表現する,1
887,in public,人前で,1
888,convince・・・,・・・(人)を納得させる（わからせる）,0
889,superstition,迷信,0
890,irrational,(考えなどが）根拠のない,0
891,tremble,(体などが)震える,0
892,fear,恐怖,0
893,at the thought of・・・,・・・のことを考えると,1
894,injection,注射,0
895,lazy,怠惰な,0
896,at heart,(気持ちなどが)本当は,1
897,frequently,頻繁に,0
898,neglect・・・,・・・(すべきこと)を怠る,0
899,duty,(与えられた)仕事,0
900,at work,職場にいて、仕事中の,1
901,at home,家にいる,1
902,be absorbed in・・・,・・・に夢中になっている,1
903,silly,ばかな、くだらない,0
904,soap opera,(主婦を主なターゲットにした)連続メロドラマ,1
905,cartoon ,(テレビ・映画の)漫画,1
906,think ・・・of A,Aを・・・(程度)だと思う(評価する）,1
907,as a matter of fact,(意外に思うかもしれないが）実際には,1
908,boring,退屈な、(人を)うんざりさせる,0
909,A occurs to・・・,A（考え)が・・・(人)に(ふと)浮かぶ,1
910,hold ・・・back,・・・(真実・感情など)を隠す,1
911,look A in the eye(face),(やましいことがない証として)Aの目を真っすぐ見る,1
912,patience,忍耐(力),0
913,give out,(能力などが）尽きる,1
914,grab(・・・）,(・・・を)(勢いよく(素早く))つかむ,0
915,collar,(服の)襟,0
916,swear at・・・,・・・をののしる,1
917,admit・・・,(仕方なく)・・・を(事実だと)認める,0
918,quarrel (with・・・),(・・・と)口げんかする,1
919,(every) now and then[again],たまに、時々,1
920,generally,普通は,0
921,be on good terms with・・・,・・・と親しい間柄である,1
922,Do you mind if I do・・・?,・・・してもいいですか？,1
923,stop by (・・・),(・・・に)立ち寄る,1
924,Not at all.,(相手の問いに答えて)いや全然,1
925,Be my guest.,遠慮しないで,1
926,hold[hang] on,(命令文で)(ちょっと)待ってて,1
927,I'll be right back.,(ここに）すぐ戻って来るよ,1
928,hang up,(電話を）切る,1
929,put ・・・up,・・・(人)を泊める,1
930,for one thing,(その理由の)一つには,1
931,dad,お父さん,0
932,drop in,ふらっと立ち寄る,1
933,from time to time,時々,1
934,stand [sit/lie] still,じっと立つ(座る/横たわる),1
935,pace(・・・),(落ちつきなく)(・・・(狭い範囲)を)歩く,0
936,back and forth,(2点間を)行ったり来たり,1
937,sidewalk,{米} 歩道,0
938,make up (with・・・）,(・・・と)仲直りする,1
939,take A for granted,Aを当然のことと思う,1
940,be through,終わる,1
941,for good,永遠(永久)に,1
942,I mean it.,本気で言っているんだよ,1
943,Come on.,(相手の言ったことに対する軽い講義の気持ちを表す)おいおい,1
944,emotional,(人が)感情的な,0
945,mean to do・・・,・・・するつもりである,1
946,hurt(・・・),・・・の心を傷つける,0
947,talk ・・・over,・・・についてよく話し合う,1
948,betray・・・,・・・を裏切る,0
949,forgive・・・（for A),(Aのことで)・・・(人)を許してあげる,1
950,make it up to・・・,・・・(人)に(迷惑などの)埋め合わせをする,1
951,get even (with・・・）,(・・・(人)に)仕返しする,1
952,confess(・・・),(・・・(罪)を)(牧師に)告白する,0
953,sin,(宗教上・道徳上の)罪、過ち,0
954,conceal・・・,・・・を隠す,0
955,keep one's word,約束を守る,1
956,otherwise,(命令・提案などの後で)そうしなければ,0
957,end up(doing・・・）,(不本意ながら)(・・・する)結果になる,1
958,lose face,評判を落とす,1
959,stick to・・・,・・・を(あくまでも）守る,1
960,moral,道徳的(理論的)な,0
961,principle,主義・信条,0
962,honesty,誠実、正直,0
963,pay off,(努力などが）報われる,1
964,in the long run,(長い目で見れば)最後には,1
965,cheer(・・・） up,元気を出す,1
966,can't help・・・,・・・は仕方がない,1
967,do one's best,最善(ベスト)を尽くす,1
968,dwell on・・・,・・・をくよくよ(長々と)考える(話す),1
969,past,(the-)過去,0
970,start over,一からやり直す(出直す),1
971,Please do me a favor.,お願いがあるんだけど,1
972,give A a ride (to・・・),A(人)を(・・・まで)乗せて行ってあげる,1
973,square,(四角い)広場,0
974,I wish I could.,ちょっと無理かなぁ,1
975,be tied up,とても忙しい,1
976,as usual,いつも通り,1
977,turn up,(待っていた人が)現れる,1
978,on time,時間通りに,1
979,punctual,時間を厳守する,0
980,the other day,この前,1
981,tun out of・・・,・・・を使い果たす,1
982,gas,{米} ガソリン,0
983,in the middle of・・・,・・・の真ん中に(で）,1
984,busy,(通り・場所が)にぎやかな、交通量が多い,0
985,Interstate,(米)(州と州を結ぶ)幹線道路、インターステイト,0
986,ahead of ・・・,(位置が)・・・の前方に,1
987,skid,(車が)スリップする,0
988,turn (・・・)over,ひっくり返る,1
989,scatter(・・・),・・・をばらまく(散らす),0
990,load,(運ばれる)積み荷,0
991,recall・・・,・・・を思い出す,0
992,collision,(移動するもの同士の)衝突,0
993,avoid・・・,・・・を避ける,0
994,sheer,全くの・・・,0
995,luck,幸運,0
996,in case of・・・,・・・の場合には(際には),1
997,in (case of)an emergency,緊急(非常)の際には,1
998,get in touch (with・・・),(・・・と)連絡を取る,1
999,agent,代理人,0
1000,right away,すぐに、ただちに,1
1001,head(・・・),向かう,0
1002,get [be] lost,(道に)迷う(迷っている),1
1003,wrong,間違った,0
1004,direction,方向,0
1005,pull over,(車を)路肩に寄せて止める,1
1006,rusty,さびた,0
1007,break down,(機械などが)故障する,1
1008,obstruct・・・,・・・の進路を妨げる,0
1009,intersection,(米)交差点,0
1010,fine,(粒などが)細かい,0
1011,scratch,(先が尖ったものでの)引っかき傷,0
1012,dent,(衝撃を受けてできた小さな)へこみ,0
1013,surface,表面,0
1014,it's no use[good] doing・・・,・・・しても無駄だ,1
1015,polish・・・,(柔らかい布などで)・・・を磨く,0
1016,get[be] stuck ,(物が)動かなくなる(動かない)、はまる(はまっている）,1
1017,traffic,交通,0
1018,traffic jam,交通渋滞,1
1019,chill out,冷静になる,1
1020,take a shortcut,近道をする,1
1021,get to・・・,・・・に着く,1
1022,in time,間に合って、予定時刻までに,1
1023,get a flat tire,タイヤがパンクする,1
1024,give[lend] ・・・a hand,・・・を手助けする,1
1025,I'd be glad to.,ええ、喜んで,1
1026,ambulance,救急車,0
1027,out of control,(機械などが)制御がきかない,1
1028,come close to・・・,危うく・・・しそうになる,1
1029,run ・・・over,(車などが）・・・をひく,1
1030,pedestrian,歩行者,0
1031,contend(・・・）,(-that～）～だと力説する,0
1032,primitive,原始的な,0
1033,life,(集合的に)生物,0
1034,exist,(空想や噂ではなく)実在する、存在する,0
1035,Mars,火星,0
1036,crew,乗組員(乗務員),0
1037,be busy doing・・・,忙しく・・・している、・・・するのに忙しい,1
1038,prepare for・・・,・・・のための準備をする,1
1039,voyage,航海,0
1040,outer space,(大気圏外の)宇宙(空間),1
1041,space,宇宙,0
1042,conduct・・・,・・・(調査など)を実施する,0
1043,a series of・・・,一連の・・・,1
1044,experiment,(科学的な)実験,0
1045,gravity,重力,0
1046,astronomer,天文学者,0
1047,assume・・・,(-that～)(確証はないが)～だと考える,0
1048,universe,(the-)宇宙,0
1049,expand(・・・）,膨張する,0
1050,infinitely,無限に,0
1051,astronaut,宇宙飛行士,0
1052,greet・・・,・・・に挨拶する、・・・を迎える,0
1053,spontaneous,(行動・感情などが)自然に生じる,0
1054,applause,拍手、賞賛,0
1055,fund,基金,0
1056,set・・・up,・・・(委員会・組織など）を設立(設置)する,0
1057,with a view to doing・・・,(将来)・・・するつもりで,1
1058,preserve・・・,・・・を(現状のまま)保存(保護)する,0
1059,endangered,(動植物などが)絶滅の危機に瀕した,0
1060,planet,(the (our)-)地球,0
1061,massive,極めて大きい,0
1062,flood,洪水,0
1063,paralyze …,・・・を麻痺させる,1
1064,local,現地の・・・,0
1065,transportation,交通(輸送)機関,0
1066,network,・・・網(鉄道網・道路網・情報網など）,0
1067,equator,(the-)赤道,0
1068,divide A into B,AをBに分ける,1
1069,globe,(the-)地球,0
1070,hemisphere,半球(体),0
1071,cruel,残酷な,0
1072,trap・・・,・・・(動物)を罠で捕らえる,0
1073,fur,毛皮製品,0
1074,organization,団体,0
1075,principal,最も重要な・・・、主要な・・・,0
1076,play a ・・・role[part] in A,Aで・・・な役割を果たす,1
1077,wildlife,(集合的に)野生生物(動物・植物),0
1078,conservation,保存、保護,0
1079,fragile,(ものが)壊れやすい、(精神的・肉体的に)弱い,0
1080,species,(生物の)種,0
1081,be on the verge of・・・,・・・の寸前である,1
1082,extinction,(生物などの）絶滅,0
1083,prolonged,長引く,0
1084,drought,干ばつ,0
1085,severe,(被害などが)ひどい,0
1086,do[cause]～damage to・・・,・・・に～(程度)の損害(被害)を与える,1
1087,crop,(1シーズンの)収穫(量),0
1088,tropical rain forest,熱帯雨林,1
1089,forest,(広大な）森林,0
1090,disappear,消える,0
1091,on a ・・・scale,・・・の規模で,1
1092,in part,一部は,1
1093,due to・・・,・・・が原因で,1
1094,acid rain,酸性雨,1
1095,it is said that～,～だと言われている,1
1096,global warming,地球温暖化,1
1097,directly,(関係が)直接,0
1098,relate A to[with] B,AをBに(と)関連づける,1
1099,carbon dioxide,二酸化炭素,1
1100,emission,(ガス・熱などの)排出,0
1101,destruction,破壊,0
1102,ozone,オゾン,0
1103,layer,層,0
1104,affect・・・,・・・に影響を及ぼす,0
1105,environment,(the-)(自然)環境,0
1106,committee,委員会,0
1107,call on A to do・・・,Aに・・・(援助など)するよう求める,1
1108,side by side,協力し合って,1
1109,curb・・・,・・・を抑制する,0
1110,pollution,公害、汚染,0
1111,satellite,人工衛星,0
1112,launch・・・,・・・(ロケットなど)を発射する,0
1113,orbit,(惑星などの)軌道,0
1114,monitor・・・,・・・(の動向(反応)）を(常に)監視する,0
1115,melt(・・・),(氷などが)溶ける,0
1116,glacier,氷河,0
1117,ecologist,生態学者,0
1118,warn(・・・),(・・・(人)に)警告する,0
1119,time and (time)again,(しつこく)何度も何度も、繰り返し,1
1120,petroleum,石油,0
1121,not only A but(also)B,AだけでなくBも,1
1122,blessing,天の恵み,0
1123,curse,災いのもと,0
1124,continent,大陸,0
1125,be abundant in・・・,・・・が豊富である,1
1126,fossil,化石,0
1127,fossil fuel,化石燃料,1
1128,region,地方、地域,0
1129,relatively,比較的,0
1130,be rich in・・・,・・・が豊富である,1
1131,mineral,鉱物の,0
1132,resource,(通例-s)資源,0
1133,wheat,小麦,0
1134,account for・・・,・・・(割合)を占める,1
1135,approximately,ほぼ、およそ,0
1136,two-thirds,3分の2,0
1137,agricultural,農業の,0
1138,production,生産高、生産量,0
1139,fertile ,(土地が)肥沃な,1
1140,soil,土、土壌,0
1141,be indispensable for[to]・・・,・・・に不可欠である,1
1142,harvest,収穫高,0
1143,humid,湿度が高い,0
1144,climate,気候,0
1145,be characteristic of・・・,・・・の特徴である,1
1146,peninsula,半島,0
1147,active,活動している,0
1148,volcano,火山,0
1149,erupt,噴火する,0
1150,regular,定期的な,0
1151,at ・・・ intervals,・・・の間隔で,1
1152,canal,運河,0
1153,connect A with[to]B,AとBとをつなぐ（結ぶ),1
1154,Atlantic,(the-)大西洋,0
1155,Pacific,(the-)太平洋,0
1156,geographic(al),地理学上の、地理的な,0
1157,feature,特徴、特色,0
1158,be similar to・・・,・・・に似ている,1
1159,that of ・・・,・・・のそれ,1
1160,prefecture,(日本・フランスなどの)県、府,0
1161,more often than not,たいてい,1
1162,famine,飢饉,0
1163,be accompanied by・・・,・・・(物事)が付随して起こる,1
1164,plague,疫病,0
1165,devastating,壊滅的な(被害をもたらす）,0
1166,earthquake,地震,0
1167,hit・・・,(地震・台風などが)・・・を襲う,0
1168,state,(米国などの)州,0
1169,capital,首都,0
1170,resident,住民,0
1171,homeless,家のない,0
1172,watch[look] out (for・・・),（・・・に)気をつける,1
1173,ceiling,天井,0
1174,give way,崩れ落ちる,1
1175,weather,天気,0
1176,forecast,予報,0
1177,typhoon ,台風,1
1178,be likely to do・・・,・・・しそうだ,1
1179,accelerate(・・・）,加速する,0
1180,approach(・・・）,・・・に近づく,0
1181,coast,沿岸(地区),0
1182,it's up in the air,(どうなるかが)決まっていない,1
1183,call・・・off,・・・を中止する,0
1184,So what?,(不愉快・無関心をあらわして)それが何だって言うんだ?,1
1185,make no difference (to・・・),(・・・にとっては）どちらでも同じ,1
1186,foggy,霧が濃い,0
1187,It sure is.,(返答で）全く、本当だ,1
1188,chances are (that)～,たぶん～だ,1
1189,clear up,(天気が）よくなる、晴れる,1
1190,later on,この（その）後に,1
1191,for the most part,大部分は、ほとんど、たいてい,1
1192,modernization,近代化,0
1193,identify A with B,AをBと同じものだと考える,1
1194,westernization,西欧化,0
1195,urban,都市の・・・、都会の・・・,0
1196,culture,文化,0
1197,appear (to be)・・・,・・・のように見える,1
1198,attractive,魅力的な,0
1199,in particular,とりわけ,1
1200,A stands for・・・,Aは・・・の略(頭文字)である,1
1201,artificial,人工の,0
1202,intelligence,知能,0
1203,household,(形容詞的に)家庭の・・・,0
1204,appliance,電化製品,0
1205,convenient,(ものが)便利な,0
1206,day by day,日々、日に日に,1
1207,income,収入,0
1208,adequate,(ある目的には)十分な,0
1209,provide for・・・,・・・(家族)を養う,1
1210,family of four,4人家族,1
1211,make the best of・・・,・・・(よくない状況)の中で何とかやっていく,1
1212,popularity,人気,0
1213,website,(インターネットの)ホームページ、ウェブサイト,0
1214,depend on・・・,・・・次第である,1
1215,content,(形式・表向きに対して)内容・中身,0
1216,You've got to do・・・,・・・しなきゃ,1
1217,keep up with・・・,・・・に(遅れずに)ついて行く,1
1218,once～,いったん～してしまえば,0
1219,fall behind(・・・）,(・・・に)遅れをとる,1
1220,catch up (with・・・),(・・・に)追い付く,1
1221,technology,(科学）技術,0
1222,rapidly,急速に,0
1223,advance・・・,進歩する,0
1224,tough,(対処が)難しい,0
1225,keep pace with・・・,・・・(速い変化など）に遅れずについていく,1
1226,more and more,ますます多くの・・・,1
1227,rush(・・・）,焦る、焦ってする,0
1228,make use of・・・,・・・を利用(活用)する,1
1229,interactive,双方向性の,0
1230,nature,性質,0
1231,medium,媒体,0
1232,innovation,(技術などの）革新(をもたらすこと）,0
1233,have (～)to do with・・・,・・・と(～程度の）関係がある,1
1234,ability,能力,0
1235,notice(・・・）,(・・・に)気づく,0
1236,unusual,普通ではない、まれな,0
1237,phenomenon,現象,0
1238,a bunch of・・・,たくさんの・・・,1
1239,imitate・・・,・・・の真似をする,0
1240,excellent,優れた、すばらしい,0
1241,method,(一般的に確立された)方法,0
1242,desolate,(場所が)荒涼とした,0
1243,valley,山間の谷、盆地,0
1244,transform・・・(into A),・・・を(Aへと）一変させる,1
1245,thriving,(事業が)繁栄している,0
1246,hub,中心(地)、中核,0
1247,plenty of・・・,(余るくらい）たくさんの・・・,1
1248,room,余地、余裕,0
1249,improvement,改良、改善,0
1250,invention,発明品,0
1251,be superior to・・・,・・・よりも優れている,1
1252,conventional,従来の,0
1253,equipment,(集合的に)機器、用具,0
1254,in ・・・respect,・・・の点に関して,1
1255,strength,(人・物の）長所、強み,0
1256,firm,会社、企業、事務所,0
1257,attribute Ａ to B,AはBに起因する(AはBがもたらしたもの)と考える,1
1258,unique,唯一の、他にはない,0
1259,・・・-oriented,・・・志向の、・・・向けの,0
1260,strategy,戦略,0
1261,integrate・・・（into A),・・・(機能など)を（Aに)統合させる,1
1262,range,範囲,0
1263,function,(機械などの）機能,0
1264,cool,スゴイ,0
1265,gadget,(特殊な)機器,0
1266,catch on(to・・・),流行る、人気を博す,1
1267,（from)coast to coast,全米で,1
1268,tool,道具,0
1269,come in handy,(いざという時に)役に立つ,1
1270,(close) at hand,(時間・空間的に)すぐ近くに(の）,1
1271,in general,一般的に,1
1272,consumer,消費者,0
1273,prefer　Ａ　to B,BよりもAのほうを選ぶ(好む),1
1274,quantity,量,0
1275,quality,質,0
1276,the other way around,正反対に(な）,1
1277,obviously,明らかに,0
1278,advertisement,広告,0
1279,be aimed at・・・,(活動などが)・・・を狙いとしている,1
1280,teenager,10代の若者,0
1281,factory,工場,0
1282,under construction,建設中の,1
1283,assemble(・・・）,・・・を組み立てる,0
1284,VCR,ビデオデッキ,0
1285,unit,ユニット、(構成)単位,0
1286,per・・・,・・・当たり,0
1287,efficient,効率的な,0
1288,machinery,(集合的に)(大型の）機械類,0
1289,replace・・・,・・・に取って代わる,0
1290,manual,(作業などが)手を使う、肉体的な,0
1291,labor,労働,0
1292,in those days,当時は,1
1293,gigantic,巨大な,0
1294,corporation,大企業,0
1295,virtual,事実上の・・・,0
1296,monopoly,独占,0
1297,internal,国内の・・・,0
1298,commerce,商取引、商業,0
1299,with A B,AがBなので,1
1300,restriction,(通例 -s)（設けられた）制限,0
1301,remove・・・,・・・を取り除く,0
1302,enterprise,企業,0
1303,come into being,誕生する,1
1304,as a result of・・・,・・・の結果,1
1305,ridiculous,ばかげた,0
1306,venture,(新規）事業,0
1307,be in danger(of・・・）,（・・・という）危険な状態にある,1
1308,go bankrupt,倒産(破産)する,1
1309,compared to(with)・・・,・・・と比べると,1
1310,previous,(時間・順序的に）前の・・・、前回の・・・,0
1311,look up ,(景気などが)上向く,1
1312,in terms of・・・,・・・の点で(は）,1
1313,make a profit,儲ける、利益を得る,1
1314,transfer ･･･ (from A) to B,･･･をAからBに転任させる,1
1315,overseas,海外の,0
1316,branch,支店,0
1317,miss (…),・・・がいなくて寂しい,1
1318,drop … a line,・・・にちょっとした手紙を書く,1
1319,be away ( from … ),(･･･に)いない,1
1320,on business ,仕事で,1
1321,give birth to … ,･･･を出産する,1
1322,apparently,どうやら～のようだ,0
1323,be willing to do… ,･･･してもいいと思う,1
1324,take ･･･　on ,･･･(仕事など)を引き受ける,1
1325,task,任務・仕事,0
1326,add to ･･･,･･･(負担など)を増やす[大きくする],1
1327,burden,負担,0
1328,intend to do ･･･,･･･するつもりである,1
1329,take ･･･ out ,･･･(人)を連れて行く、…とデートする,1
1330,work overtime,残業する,1
1331,estimate･･･ (at A),･･･を(Aくらいだと)見積もる,1
1332,loss,損失,0
1333,by ･･･ at the latest,遅くとも･･･までに,1
1334,manage (･･･),(･･･を)何とかする,1
1335,somehow (or other),(あれこれ)何とかして,1
1336,count on ･･･,･･･に頼る,1
1337,see to ･･･,必ず(きちんと)･･･する,1
1338,appreciate(･･･),･･･(親切など)に感謝する,0
1339,Don't mention it .,どういたしまして,1
1340,pretend (･･･),(･･･の)ふりをする,1
1341,enthusiastic,熱心な,0
1342,boss,上司,0
1343,be around,(自分の)近く[そば]にいる,1
1344,get promoted ,昇進する,1
1345,at the expense of ･･･,･･･を犠牲にして,1
1346,colleague,同僚,0
1347,be ashamed of ･･･,･･･を恥ずかしく思う,1
1348,recession,景気後退,0
1349,set in,(好ましくないことが)始まる,1
1350,temporary,一時的な,0
1351,temporary employee,臨時社員[短期契約社員],1
1352,lay ･･･ off,･･･を(一時的に)解雇する,1
1353,one after another ,次々と,1
1354,nowadays,今日では,0
1355,be out of work,失業中である,1
1356,against one's will,自らの意志ではなく,1
1357,be responsible for ･･･,･･･の責任を負うべきである,1
1358,pessimistic,悲観的な,0
1359,be worried about ･･･,･･･を心配している,1
1360,be concerned about ･･･,･･･を心配しているうちに,1
1361,white-collar,オフィス労働の,0
1362,be confronted with ･･･,･･･(大変なことに)直面する,1
1363,hardship,(経済的)困窮、苦難,0
1364,authority,当局,0
1365,strive ,懸命に努力する,1
1366,in vain ,無駄に,1
1367,stabilize(･･･),･･･を安定させる,0
1368,currency,(一国の)通貨,0
1369,come to the conclusion (that) ～,～という結論に至る,1
1370,nothing is more A than doing ･･･,･･･するよりもAなことはない,1
1371,urgent ,緊急の,1
1372,reduce･･･,･･･を減らす,0
1373,huge,巨大な,0
1374,deficit,赤字,0
1375,questionnaire,アンケート用紙,0
1376,distribute･･･,･･･を配る[配布する],0
1377,at random,無作為に,1
1378,All you have to do is (to) do･･･,･･･をするだけでいい,1
1379,fill ･･･ in [out],･･･に必要事項を記入する,1
1380,blank,余白 空欄,0
1381,print (･･･),･･･をはっきりと書く,1
1382,in black ink ,黒インクで,1
1383,in addition to ･･･,･･･に加えて,1
1384,discount,割引(すること),0
1385,pick ･･･ out,･･･を選ぶ,1
1386,optional,自由に選べる,0
1387,excursion,日帰りツアー,0
1388,for free,無料で,1
1389,round-trip,往復の･･･,0
1390,fare,運賃、(乗り物の)料金,0
1391,destination,目的地,0
1392,as follows,以下の通り(の),1
1393,Don't forget to do…,･･･するのを忘れないで,1
1394,confirm･･･,･･･を確認する,0
1395,reservation,予約,0
1396,in advance,事前に,1
1397,Be sure to do ･･･,必ず･･･しなさい,1
1398,check in,搭乗手続きをする,1
1399,at least,(数量が)少なくとも,1
1400,prior to ･･･,･･･よりも前に,1
1401,departure,出発,0
1402,attach･･･(to A),(Aに)･･･を取り付ける,1
1403,tag,札,0
1404,baggage,(旅行時の)荷物（全部）,0
1405,come off (･･･),(･･･から)外れる[取れる],1
1406,on (the[an]) average,平均すると,1
1407,package,小包,0
1408,weigh･･･,･･･の重さがある,0
1409,pound ,(重量単位)ポンド,1
1410,plastic,ビニール製の,0
1411,garbage,ゴミ,0
1412,bag,袋,0
1413,be free of[from]･･･,･･･とは無縁である,1
1414,hazardous,(人体に)有害な,0
1415,chemical,化学物質[薬品],0
1416,flashlight,懐中電灯,0
1417,dim,(明るさが)薄暗い,0
1418,battery,(乾)電池,0
1419,How often ～？,～はどのくらいの頻度ですか？,1
1420,shuttle ,往復便,1
1421,downtown,(街の)中心地の･･･、…の市街,0
1422,motel,モーテル,0
1423,accommodate･･･,･･･(人数)分の十分なスペースがある,0
1424,as～as･･･,～もの･･･,0
1425,suite,スイートルーム,0
1426,three times larger than A,Aよりも3倍大きい,1
1427,condominium,(分譲)マンション,0
1428,litter(･･･),（･･･）にゴミを投げる,0
1429,facility,施設,0
1430,be subject　to ･･･,･･･を受ける場合がある,1
1431,maximum,最大の,0
1432,fine,罰金,0
1433,be packed (･･･),(店などが)込んでいる,1
1434,had better do ･･･,･･･した方がいい,1
1435,make a reservation,予約を取る,1
1436,beforehand,事前に,0
1437,interrupt(･･･),（･･･を）中断する,0
1438,meal,食事,0
1439,I'd like(to have)a word with you.,相談したいことがあるんだけど,1
1440,in private,内密に,1
1441,get back to ･･･,･･･（人)に連絡し直す[会いに行く],1
1442,cook,料理人,0
1443,be astonished at[by] ･･･,･･･に大変驚く,1
1444,incredible,信じられない,0
1445,appetite,食欲,0
1446,What's going on ?,何が起こっているんだい？,1
1447,curious,(人が)好奇心旺盛な、知りたがっている,0
1448,I have no idea .,(考えたけれど)よくわかりません,1
1449,excited,(人が)興奮した,0
1450,fan,(有名人の)ファン,0
1451,hang around （･･･）,(･･･を)ぶらぶらする、(集団が)群がる,1
1452,rear,（入り口などが）裏の･･･,0
1453,exit,出口,0
1454,catch[get/have] a glimpse of ･･･,･･･を一瞬目にする,1
1455,on doing …,･･･するとすぐに,1
1456,encounter,･･･に(偶然)出会う,0
1457,celebrity,有名人,0
1458,ask for･･･,･･･を求める,1
1459,autograph,(有名人などの)サイン,0
1460,abroad,海外に[で],0
1461,suffer from…,…(病気など)で苦しむ,1
1462,jet lag,時差ボケ,1
1463,diarrhea,下痢,0
1464,sort[kind] of ,ちょっと、何か,1
1465,dizzy,めまいがする,0
1466,feel like doing ･･･,･･･したいな、･･･したい気がする,1
1467,throw up,吐く,1
1468,pale,顔色が悪い、青白い,0
1469,aspirin,鎮痛剤,0
1470,cure ･･･　of A,･･･(人)のA(病気)を治す,1
1471,ache,･･･痛,0
1472,in no time (at all),(驚くほど)すぐに、,1
1473,I'm afraid (that) ～,もしかしたら～かなぁ,1
1474,come down with ･･･,･･･にかかる、･･･で体調を崩す,1
1475,take …off,…(日数)の休みを取る,1
1476,ingredient,(食品の）成分、原料,0
1477,beverage,(水以外の)飲み物,0
1478,harmful (to…),(･･･に対して)有害な,1
1479,especially,特に、とりわけ,0
1480,pregnant,妊娠している,0
1481,nutrition,栄養摂取,0
1482,vital,きわめて重要な,0
1483,infant,乳児、幼児,0
1484,growth,成長、発展,0
1485,moderate,(程度・量が）適度な,0
1486,exercise,(体の)運動,0
1487,stimulate …,…を刺激する,1
1488,circulation,循環,0
1489,blood,血,0
1490,physician,医師,0
1491,advise A to do…,Aに…するよう助言する[忠告する],1
1492,refrain from …,…を控える,1
1493,alcohol,酒、アルコール,0
1494,for the time being,当分の間は,1
1495,do,本当に(…である)、ぜひ(…する）,0
1496,get into shape ,体調をよくする,1
1497,lose weight,体重が減る,1
1498,go doing …,(自分の意思で)…しに行く、…を楽しむ,1
1499,catch a cold,風邪をひく,1
1500,nasty,(病気・怪我などが)ひどい,0
1501,stay up late ,(遅くまで）夜更かしをする,1
1502,surgeon,外科医,0
1503,persuade A to do…,Aを説得して…させる,1
1504,undergo …,…(苦痛を伴うこと）を経験する,1
1505,organ,(動植物の)器官、臓器,0
1506,transplant,移植,0
1507,bedridden,(高齢･病気で)寝たきりの,0
1508,take turns (doing…),(…を)交代でする,1
1509,look after…,…の面倒を見る,1
1510,hypothesis,仮説,0
1511,excessive,過度の,0
1512,amount,量,0
1513,junk food,ジャンクフード,1
1514,contribute to…,…の一因となる,1
1515,mortality,(避けられない)死ぬべき運命,0
1516,government,政府,0
1517,appropriate,ふさわしい、適切な,0
1518,take (…) measures,(…な）手段をとる,1
1519,prevent A from doing …,Aに…させない、Aが…することを防ぐ,1
1520,infection,(病気･ウイルスの)伝染・感染,0
1521,spread(…),(病気・情報などが）広がる,0
1522,minister,大臣,0
1523,be obliged to do…,…せざるを得ない、…を余儀なくされる,1
1524,resign (from…),（…を)辞職する,1
1525,cabinet,内閣,0
1526,regard A as B,AをBだと考える,1
1527,current,現在の…,0
1528,compulsory,強制的な、義務の,0
1529,education,教育,0
1530,obsolete,時代遅れの,0
1531,encourage A to do …,Aに…するように励ます,1
1532,fullfill…,…果たす,0
1533,ambition,(感心するくらい)大きな目標、夢,0
1534,make … come true,…(夢・計画)を実現させる,1
1535,drop out (of…),（…を)退学する,1
1536,make one's way,(苦労して)進む,1
1537,What do you do ?,普段は何をなさっているのですか？,1
1538,college,大学,0
1539,freshman,大学1年生,0
1540,major,専攻科目,0
1541,philosophy,哲学,0
1542,tuition,授業料,0
1543,raise…,…(程度・料金)を高くする,0
1544,nearly,ほとんど、ほぼ,0
1545,percent,(単位)パーセント,0
1546,as of …,…(特定の日付)より[から],1
1547,be of two minds (whether A or B),(AとBの)どちらにしようか悩んでいる,1
1548,apply for …,…（仕事･証明書など)を申込む,1
1549,scholarship,奨学金,0
1550,give it a try,(あれこれ考えずに)やってみる,1
1551,as soon as ～,～するとすぐに,1
1552,graduate (from…),（…を)卒業する,1
1553,take (…) over,(…を)引き継ぐ,1
1554,be cut out for…,…(職種)に向いている,1
1555,military,軍隊,0
1556,because of …,…の理由で、…が原因で,1
1557,rigid ,厳格な,1
1558,discipline,規律,0
1559,be determined to do …,…すると決心している,1
1560,make a living ,生計を立てる,1
1561,playwright,脚本家,0
1562,at all costs,どんな犠牲を払っても,1
1563,grow up,大人になる,1
1564,learn to do …,…できるようになる,1
1565,put … in perspective,…を総合的な視野でとらえる,1
1566,conformity,体制・社会通念などに従うこと,0
1567,essential,不可欠な、本質に関わる,0
1568,element,（基本的な）要素,0
1569,homogeneous,均質な、同種のものだけで構成された,0
1570,community,（地域）社会,0
1571,would rather do A (than do B),（Bするより）むしろAしたい,1
1572,go one's own way,我が道を行く,1
1573,toil away,ひたすら[あくせく]働く,1
1574,fit(…),（…に）（ぴったり）合う[はまる],0
1575,mold,（決まった）型,0
1576,get (…) nowhere,（…に）何の進歩[成果]ももたらさない,1
1577,take after …,…に似ている,1
1578,personality,人柄、性格,0
1579,I mean,（より明確な理由を加えたいときに）だって、つまり,1
1580,obstinate,頑固な,0
1581,be … by nature,生まれつき…である,1
1582,give in (to …),（…に)降参する[屈服する],1
1583,ripe,（機が）熟した,0
1584,bold,大胆な,0
1585,go for …,…を手に入れようと頑張る,1
1586,stand by (…),…（困っている友達など）を見捨てない,1
1587,stand up for …,…（人・権利）を守る、…のために立ち上がる,1
1588,believe in …,…が正しいこと[大切なこと]だと信じる,1
1589,yield (to …),（…に）屈する,1
1590,threat,脅威、強迫,0
1591,if only ～,～でありさえすればいいのになあ,1
1592,conquer …,…(困難など）を克服する,1
1593,weakness,（性格・性質上の）弱点、短所,0
1594,it's up to …,それは…（人）次第だ,1
1595,make the most of …,…（有利な状況）を最大限利用する,1
1596,rare,珍しい、めったにない,0
1597,opportunity,機会、チャンス,0
1598,demonstrate (…),…（事実など）をはっきり示す、…を実証する,1
1599,talent (for …),（…の）才能,1
1600,let … down,…をがっかりさせる,1
1601,have faith in …,…を信頼している,1
1602,make it,（人が困難を乗り越えて）成功する,1
1603,spectator,観客,0
1604,move (…),…を感動させる、…の涙を誘う,1
1605,graceful,(動きなどが)優雅な,0
1606,performance,演技、公演,0
1607,receive …,…を受ける[受け取る],1
1608,architecture,建築(学),0
1609,prestigious,権威のある,0
1610,award,賞,0
1611,in the face of …,…をものともせず,1
1612,adversity,逆境,0
1613,accomplish …,…を成し遂げる,1
1614,extraordinary,並外れた,0
1615,feat,偉業,0
1616,deserve …,…を受けるに値する,1
1617,praise,称賛（の言葉）,0
1618,audience,（集合的に）聴衆,0
1619,impress …,…に感銘[感動]を与える,1
1620,eloquent,（話などが）説得力のある,0
1621,lecture,講義、講演,0
1622,humble,庶民の,0
1623,background,（人の）育ち、経歴,0
1624,achieve …,…を成し遂げる,1
1625,worldwide,世界的な,0
1626,fame,名声,0
1627,accumulate (…),（長時間かけて）…をためる[蓄積する],1
1628,tremendous,(驚くほど）大きな、莫大な,0
1629,fortune,財産,0
1630,postwar,戦後の…,0
1631,era,時代,0
1632,used to do …,かつて…だった,1
1633,well off/welloff,裕福な,1
1634,generous,気前の良い,0
1635,live from hand to mouth,その日暮らしをする,1
1636,by no means,決して…しない[ではない],1
1637,be satisfied with …,…に満足する,1
1638,reward,見返り、報酬,0
1639,selfish,自己中心的な,0
1640,greedy,欲の深い,0
1641,owe A B/owe B to A,A（人）にB（金額）の借りがある,1
1642,altogether,全部で,0
1643,pay … back (A),…に(A(金額)を)返す,1
1644,be hard up,（一時的に）お金に困っている,1
1645,There you go again!,(あきれて）またそれだ、また始まったよ！,1
1646,to one's surprise,（…が）驚いたことに,1
1647,debt,(多額の)借金,0
1648,amount to …,（合計が）…に達する,1
1649,considerable,（数量・程度などが）かなりの,0
1650,sum,金額,0
1651,cling to …,…にしがみつく,1
1652,glory,栄光、名誉,0
1653,leave … behind,…を置き去りにする,1
1654,escape from …,…から逃げる,1
1655,harsh,（環境などが）厳しい,0
1656,reality,現実,0
1657,adapt to …,…に順応する,1
1658,prosperity,（経済的）繁栄,0
1659,last,続く,0
1660,forever,永遠に,0
1661,in other words,つまり,1
1662,come to an end,（長く続いてきたことが）終わる,1
1663,one of these days,いつかは、近いうちに,1
1664,proper,（常識的に見て）ふさわしい、適切な,0
1665,qualification,資格、能力,0
1666,require …,…が必要である,1
1667,position,（社内の）ポスト、仕事,0
1668,computer literacy,コンピューターが使えること,1
1669,be a must,絶対条件である,1
1670,enclose…,…を同封する,0
1671,resume,履歴書,0
1672,envelope,封筒,0
1673,submit …(to A),…(案・申請書など）を（Aに）提出する,1
1674,personnel,社員（全体）、職員（全体）,0
1675,department,（企業・大学など）の部,0
1676,optimistic,楽観的な,0
1677,work out,うまくいく,1
1678,at best,（程度が）よくても、せいぜい,1
1679,fifty-fifty,（可能性などが）五分五分の,0
1680,registration,登録,0
1681,form,（定型の）用紙,0
1682,obtain …,…を入手する,1
1683,free of charge,無料で,1
1684,give … a call,…に電話する,1
1685,participate in …,…に参加する,1
1686,workshop,教室、講習会,0
1687,further,なお一層の,0
1688,inquiry,問い合わせ、質問,0
1689,feel free (to do …),遠慮なくどうぞ(…してください),1
1690,contact…,…に(電話・手紙などで）連絡を取る,0
1691,toll-free,フリーダイヤルで[の],0
1692,…-free,…ゼロの、非…の,0
1693,How's it going?,最近どう？、調子はどうだい？,1
1694,Couldn't be better.,最高だよ,1
1695,do well,（仕事・試験などで）うまくいく,1
1696,job,仕事、職,0
1697,interview,（就職などの）面接,0
1698,Good for you!,よくやった、おめでとう,1
1699,instrucution,指示,0
1700,trainee,研修生,0
1701,cannot make heads or tails of …,…が（何が何だか）さっぱり分からない,1
1702,at one time,同時に、一度に,1
1703,be out of the question,無理だ,1
1704,one by one,一人一人、ひとつひとつ,1
1705,disturb …,…の邪魔をする,1
1706,Mind your own business.,おせっかいはやめろ,1
1707,whisper(…),(…と)ささやく,0
1708,persist in…,(人が)しつこく…する,1
1709,bother…,…を悩ませる[困らせる],0
1710,lose one's temper,かっとなる,1
1711,so …(that)～,たいへん…なので～,1
1712,childish,子供じみた,0
1713,resist(…),我慢する,0
1714,temptation,誘惑,0
1715,make a fuss (about[over]…),(…のことで)騒ぎ立てる,1
1716,get on one's nerves,…をいらいらさせる,1
1717,shout(…),(…と)叫ぶ,0
1718,there's no point in doing …,…するのは無駄だ[意味が無い],1
1719,talk back (to …),（…に)口答えをする,1
1720,dictator,独裁者、ワンマンな人,0
1721,so to speak,言ってみれば、例えて言えば,1
1722,polite,（人・言動が）礼儀正しい,0
1723,in one's presence,…のいる前で,1
1724,actually,実際には,0
1725,talk about … behind one's back,…の陰口を言う,1
1726,despise…,…を軽蔑する[見下す],0
1727,on the contrary,それどころか,1
1728,look up to …,…を尊敬する,1
1729,constant,絶え間のない,0
1730,insult,侮辱,0
1731,arouse…,…（怒り・関心など）を呼び起こす,0
1732,anger,怒り,0
1733,be fed up (with…),(…に)うんざりしている,1
1734,shuffle(…),…を仕分け[整理]する,0
1735,pour(…),…を注ぐ,0
1736,make up one's mind (to do...）,(…すると)決心する,1
1737,quit(…),（...(仕事)を）辞める,0
1738,in reality,現実には、実際には,1
1739,have difficulty (in) doing…,…することに苦労している,1
1740,make ends meet,（収入の範囲内で）何とかやりくりする,1
1741,get by (on…),(…(金額)で)何とか生活していく,1
1742,female,女性の,0
1743,clerk,事務員,0
1744,A might[may] well do …,Aが…するのももっともだ,1
1745,complain about…,…について不満[苦情]を言う,1
1746,routine,日常業務,0
1747,not … at all,全然…ない,1
1748,challenging,（困難だが）やりがいのある,0
1749,thanks to …,…のおかげで,1
1750,fundamental,（変化などが）抜本的な,0
1751,restructuring,事業の再構築、（組織などの）構造改革,0
1752,surplus,（企業などの）黒字,0
1753,swell,（数量が）増大する,0
1754,…-fold,…倍の[に],0
1755,think of A as B,AをBだと考える[みなす],1
1756,loyalty,忠誠,0
1757,absurd,ばかげた,0
1758,notion,(漠然とした[根拠のない]）考え,0
1759,commute,(電車などで）通勤する,0
1760,all the way from …,…（遠い所）からはるばる[わざわざ],1
1761,distant,遠い,0
1762,suburb,郊外(の｜地区）,0
1763,be sick (and tired) of …,…には(ほとほと)うんざりした,1
1764,spend A doing …,A(時間)を…に費やす,1
1765,rest,残りの部分,0
1766,pursue…,…(人・理想など）を追いかける,0
1767,ideal,理想,0
1768,retirement,（定年）退職、引退,0
1769,devote A to B,A(時間・労力など）をBに捧げる,1
1770,care for …,…の世話をする,1
1771,orphan,孤児,0
1772,for the sake of …,…の(利益・保護)のために,1
1773,in need,（生活に）困っている,1
1774,cooperate,協力する,0
1775,collect(…),…を集める[収集する],0
1776,donation,寄付（金）,0
1777,charity,慈善団体,0
1778,name A after B,Aの名前をBからとる,1
1779,give … away,…をただであげる、…を寄付する,1
1780,some,約、およそ,0
1781,billion,10億,0
1782,autobiography,自叙伝,0
1783,release…,…(新製品など）を発売する,0
1784,sell out/be sold out,（商品・チケットなどが）完売する,1
1785,refer to A as B,AをBと呼ぶ,1
1786,integrity,高潔さ、誠実さ,0
1787,run for …,…(官職）に立候補する,1
1788,mayor,市長、町長,0
1789,candidate,(立）候補者,0
1790,be disappointed,（人が）がっかりする,1
1791,outcome,(終わってみて初めてわかる）結果、結末,0
1792,election,選挙,0
1793,municipal,市[町]の,0
1794,council,(地方自治体の）議会,0
1795,concentrate on …,…に（神経など）を集中する,1
1796,specific,具体的な,0
1797,issue,(公の場で論議されるべき）問題（点）,0
1798,It is the case that ～,～ということは事実だ,1
1799,live on…,…(収入など）で生活する,1
1800,pension,年金,0
1801,force A to do…,Aに…するよう強いる,1
1802,lead a … life,…な生活を送る,1
1803,leave … out,…を（全体から）除く,1
1804,data,データ,0
1805,far from (being)…,…というにはほど遠い,1
1806,accurate,正確な,0
1807,tend to do …,…する傾向がある,1
1808,associate A with B,AからBを連想する,1
1809,politician,政治家,0
1810,hypocrisy,偽善,0
1811,primarily,第一に、何よりもまず,0
1812,be concerned with…,(人が)…に関心がある,1
1813,exploit…,…（人など）から搾取する,0
1814,enhance…,…(質・価値など)を高める,0
1815,living standard,生活水準,1
1816,exert…,…(権力など）を行使する,0
1817,dominant,(立場などが）支配的な,0
1818,influence(on/over…),(…に対する)影響（力）,0
1819,conservative,保守的な,0
1820,party,党、政党,0
1821,diminish (…),弱まる,1
1822,spokesperson,報道担当者,0
1823,refuse(…),(…を)(きっぱりと)断る,0
1824,make a comment(on/about…),(…について)コメントする[見解を述べる],1
1825,under investigation,調査を受けている、調査中の,1
1826,police,警察,0
1827,pull (the) strings,(陰で）糸を引く、操る,1
1828,behind the scenes,裏で、ひそかに,1
1829,executive,役員、取締役,0
1830,entertain(…),(…(人)を)もてなす[接待する],0
1831,bureaucrat,官僚,0
1832,",or…","すなわち[言い換えれば]…,",0
1833,exclusive,(店などが)高級な,0
1834,in return (for…),(…の)お返しとして[見返りとして],1
1835,secretary,秘書,0
1836,flatly,きっぱりと,0
1837,deny doing …,…したことはないと言う,1
1838,leak(…),…(情報など)を漏らす,0
1839,confidential,内密の、機密の,0
1840,dare (to) do …,｛否定文で｝思い切って[勇気を出して]…する,1
1841,contradict…,…(人)の意見を否定する,0
1842,his/her,彼、彼女の,0
1843,employer,雇用主,0
1844,for fear of…,…を恐れて,1
1845,fire (…),…をクビにする[解雇する],1
1846,sacrifice…,…を犠牲にする,0
1847,promising,前途有望な,0
1848,career,（社会人としての）経歴,0
1849,retain…,…を維持する,0
1850,dignity,（人間としての)尊厳,0
1851,might as well do A as do B,BするくらいならAするほうがましだ,1
1852,kill oneself,自殺する,1
1853,reconcile oneself to…,…を仕方なく受け入れる,1
1854,fate,運命,0
1855,be about to do …,(間もなく）…するところである,1
1856,commit…,…(犯罪・過失）を犯す,0
1857,commit suicide,自殺する,1
1858,swallow (…),…(食べ物など)を飲み込む,1
1859,poison,毒、毒物,0
1860,think better of …,(考え直して）…しないことにする,1
1861,vague,曖昧な、ばくぜんと,0
1862,rumor,噂,0
1863,prove…,…であるとわかる,0
1864,FALSE,嘘の,0
1865,nevertheless,（だが）それでもやはり,0
1866,skepticism,疑い,0
1867,linger (on),まだ続いている[残っている],1
1868,senior,（役職が）上級（の）…,0
1869,official,役人、（上級）公務員,0
1870,suspect A of B,A(人)にBの容疑をかける,1
1871,accept…,…を受け取る,0
1872,bribe,賄賂,0
1873,sufficient,十分な,0
1874,evidence,証拠,0
1875,arrest … (for A),(Aの容疑で)…を逮捕する,1
1876,be in charge (of …),(…の)担当責任者である,1
1877,project,計画、事業,0
1878,dismiss …,…を解雇[解任]する,1
1879,corruption,汚職、不正（行為）、贈賄[収賄],0
1880,to (the best of) my knowledge,私の知る限りでは,1
1881,be involved in …,…(よくないこと)に巻き込まれる、…にかかわる,1
1882,fraud,詐欺（行為）、不正（行為）,0
1883,scheme,企み、陰謀,0
1884,find … out,…（知りたかったもの）を見つけ出す、…を発見する,1
1885,truth,真実,0
1886,examine…,…を（よく）調べる,0
1887,a pile of…,(山ほどの)たくさんの…,1
1888,relevant (to …),(…と）関連性のある,1
1889,document,書類,0
1890,trial,裁判、審理,0
1891,come to light,（事実などが）明るみに出る,1
1892,cover … up,…(悪い事)を隠す[隠蔽する],1
1893,illegal,違法な,0
1894,transaction,商取引,0
1895,decade,10年（間）,0
1896,detective,探偵、刑事,0
1897,take … down,…(人の言葉を）書き取る,1
1898,testimony,証言,0
1899,on the spot,その場で、直ちに,1
1900,word for word,一言一句違わずに,1
1901,for the first time,初めて,1
1902,pang of…,(突然襲う精神的な)…の苦しみ,1
1903,conscience,良心,0
1904,way out,(困難な状況から)逃れる道[方法],1
1905,haunt …,(嫌な体験などが)…(人)の心[脳裏]に付きまとう,1
1906,vivid,(記憶などが)鮮明な,0
1907,nightmare,悪夢,0
1908,by and large,概して,1
1909,do not hesitate to do…,遠慮なく…する,1
1910,intrude (on…),(…(私的な領域)を)侵害する,1
1911,author,作家、著者,0
1912,revise…,…を改訂する、…に修正を加える,0
1913,manuscript,原稿,0
1914,over and over (again),何度も(何度も)繰り返して,1
1915,be second to none,誰[何]にも劣らない[負けない],1
1916,when it comes to …,…のこととなると,1
1917,find fault with …,…の過ちを指摘する、…に文句をつける,1
1918,on the whole,概して,1
1919,elite,エリート(たち),0
1920,be sensitive to…,…（他人の気持ち・意見など)に敏感である,1
1921,criticism,批判、非難,0
1922,tabloid,タブロイド紙、大衆ゴシップ紙,0
1923,reveal…,…(秘密・真実など)を明かす[示す],0
1924,drug,麻薬,0
1925,addict,中毒者、常用者,0
1926,reputation,（世間の）評判,0
1927,all but,ほとんど,1
1928,ruin,…（名誉など）を失墜させる,0
1929,consider …,…をよく検討する,1
1930,aspect,(問題などを構成する)側面,0
1931,defense,防衛,0
1932,program,（国、組織による)計画,0
1933,point … out,…を指摘する,1
1934,numerous,（非常に）多くの,0
1935,flaw (in…),(…(機械など)の)欠陥、問題箇所,1
1936,tolerate…,…に寛容な態度を取る,0
1937,engage in…,…(活動など）にかかわる,1
1938,terrorism,テロ(行為）,0
1939,notorious,悪名高い,0
1940,rebel,(権力・体制などに対する)反抗者、反乱軍の兵士,0
1941,ultimately,最終的には,0
1942,capture…,…を捕らえる,0
1943,confine A to B,A(人)をB（場所)に閉じ込める,1
1944,jail,拘置所,0
1945,troop,軍隊,0
1946,swiftly,素早く,0
1947,call … in,…（専門家など)を呼ぶ,1
1948,put … down,…(暴動など)を鎮圧する,1
1949,riot,暴動,0
1950,appeal to…,…(理性など)に訴える,1
1951,reason,理性,0
1952,instead of…,…ではなく,1
1953,resort to …,(不本意ながら)…という手段を取る,1
1954,violence,暴力(行為),0
1955,suggest…,(控え目に)…を提案する,0
1956,adopt…,…(方法など)を採用する,0
1957,flexible,(考えなどが)柔軟な,0
1958,tactic,(個々の)戦術,0
1959,for the moment,今のところは,1
1960,armed forces,(一国の)全軍,1
1961,succeed in…,…に成功する,1
1962,occupy…,…(領土など)を占領する,0
1963,entire,すべての…,0
1964,territory,領土,0
1965,under the circumstances,このような[そのような]状況下では,1
1966,enemy,敵軍,0
1967,have no choice but to do …,…せざるをえない,1
1968,surrender (to …),(…に)降伏[降参]する,1
1969,hold out,(燃料・抵抗などが)持ちこたえる,1
1970,not … any longer,これ以上…ない,1
1971,sooner or later,遅かれ早かれ,1
1972,hostage,人質,0
1973,set … free,(監禁状態などから)…を解放する,1
1974,reign,(絶対君主の)支配[統治],0
1975,tyranny,専制政治,0
1976,innocent,罪の無い,0
1977,deprive A of B,A(人)からB（必要不可欠なもの)を剥奪する[奪う],1
1978,citizenship,市民[公民]権,0
1979,soldier,兵士,0
1980,be reluctant to do…,…することに気が進まない,1
1981,obey (…),(…に)従う,1
1982,command,(軍の指揮官などの)命令,0
1983,regime,(非民主的な)政権,0
1984,be bound to do …,きっと…する,1
1985,collapse,崩壊する,0
1986,ally,同盟国,0
1987,condemn…,…を厳しく非難する,0
1988,invasion,侵略,0
1989,violation,（法・規則などの）違反,0
1990,resolution,決議,0
1991,rule … out,…(可能性など)を排除する、…はないと断言する,1
1992,possibility,可能性,0
1993,civil war,内戦、内乱,1
1994,break out,（戦争・伝染病などが)（突然）発生する,1
1995,colony,植民地,0
1996,declare…,…を宣言する,0
1997,independence,独立,0
1998,republic,共和国,0
1999,immense,非常に大きい、巨大な,0
2000,monument,記念碑,0
2001,erect…,…を建てる,0
2002,in honor of…,…に敬意を表して,1
2003,noble,（行為など）が崇高な、高潔な,0
2004,patriot,愛国者,0
2005,on one's knees,ひざをついて,1
2006,pray (…),(…を願って)祈りを捧げる,1
2007,soul,霊、魂,0
2008,deceased,故人(たち),0
2009,supreme,（地位・性質などが)最高の,0
2010,Supreme Court,最高裁判所,1
2011,be located,位置する,1
2012,imperial,帝国の、天皇[皇帝]の,0
2013,palace,宮殿,0
2014,pro-choice,中絶(合法化に)賛成の,0
2015,protest against …,…に抗議する,1
2016,ban (on…),(公式な)(…の)禁止(令),1
2017,abortion,妊娠中絶,0
2018,senator,(米国の)上院議員,0
2019,remain (…),…のままでいる,1
2020,neutral,（外交関係・議論などで)中立の,0
2021,bitter,（議論などが）激しい,0
2022,controversy,論争、議論,0
2023,be in a … situation,…な状況[立場]にある,1
2024,all … long,…の間ずっと,1
2025,no longer,もはや…ない,1
2026,be capable of (doing)…,…できる(能力[技能]はある),1
2027,cope (with …),(…に)うまく対処する,1
2028,summit,首脳会談[会議],0
2029,talks,（数日間にわたる)会談,0
2030,be to do …,…する予定である,1
2031,broadcast (…),(…を）放送[放映]する,1
2032,simultaneously,(全く)同時に,0
2033,throughout the world,世界中で,1
2034,diplomatic,外交（上）の…,0
2035,dialogue,対話,0
2036,help (to) do …,…するのに役立つ[貢献する],1
2037,put an end to…,…に終止符を打つ,1
2038,conflict,紛争、衝突,0
2039,appoint…,…を任命する,0
2040,goodwill,親善、友好,0
2041,ambassador,大使,0
2042,foster…,…（関係など）を育てる、…（孤児）の里親になる,0
2043,mutual,共通の、相互の,0
2044,specialist,専門家、評論家,0
2045,predict…,…と予測[予言]する,0
2046,international,国際的な,0
2047,tension,（政治的・社会的）緊張（状態）,0
2048,build (…) up,（徐々に）高まる[増える],1
2049,in my opinion,私の考えでは,1
2050,permanent,永久の,0
2051,nothing but…,…に過ぎない,1
2052,illusion,幻想,0
2053,ethnic,民族の,0
2054,minority,（人種・宗教上の）少数派,0
2055,struggle,（苦しみながら）必死に戦う,0
2056,prejudice,偏見,0
2057,poverty,貧困,0
2058,oppression,（人種などに対する）抑圧,0
2059,effort,努力,0
2060,do away with…,...（制度など）を捨てる[廃止する],1
2061,discrimination,（…に対する）差別,0
2062,immigrant,（入国する）移民,0
2063,endure,（ずっと）…に耐える,0
2064,physical,肉体[身体]の,0
2065,mental,精神的な,0
2066,pain,(体の)痛み、(心の)苦痛,0
2067,amendment,（法律などの）改正案,0
2068,reject…,...（要求・提案など）を拒絶する、…(訴えなど)を却下する,0
2069,racial,人種の…,0
2070,diversity,（人種・意見などの）多様性,0
2071,take…into account ,…を考慮に入れる,1
2072,needless to say,言うまでもなく,1
2073,regugee,難民,0
2074,long for …,…を切望する,1
2075,freedom,自由,0
2076,according to …,…（情報源）によると,1
2077,survey,（世論・動向などの）調査,0
2078,three in five…,５つのうち３つの…,1
2079,be indifferent to…,…に無関心である,1
2080,foreign,外国の,0
2081,affair,（ある個人の）諸問題、(色々な)出来事,0
2082,What will become of …？,…はどうなってしまうだろう？,1
2083,relation,(仕事[外交]上などの)関係,0
2084,security,（戦争・犯罪などからの）安全の確保[保障],0
2085,treaty,（国家間の）条約,0
2086,expire,（契約・券などが）期限切れになる,0
2087,unless ～,もし～でなければ,1
2088,eliminate …,…(不要なもの)を取り除く,1
2089,unfair,不公平な,0
2090,tariff,関税,0
2091,impose…(on A),(Aに)…（税・義務）を課す,1
2092,sanction,（国際法違反などに対する）制裁（措置）,0
2093,trade,貿易,0
2094,friction,（関係などの）摩擦,0
2095,arise,(問題・困難などが）起こる、生じる,0
2096,at any moment,（嫌なことが）今にも,1
2097,priority,優先事項,0
2098,settle (…),(…(問題など)を）解決する,1
2099,dispute,論争、紛争,0
2100,once and for all,きっぱりと,1
2101,be ready to do…,(いつでも)…するつもりだ、…する覚悟ができている,1
2102,meet …　halfway,…（人）と妥協する,1
2103,federal,連邦政府[国家]の,0
2104,budget,予算(案),0
2105,narrowly,かろうじて,0
2106,approve…,…を承認する,0
2107,congress,(米国の)議会,0
2108,argue (that ～),(～だと)主張する,1
2109,administration,政府、政権,0
2110,look for…,…を探す,1
2111,alternative,代わりの…,0
2112,source,（発生[入手]）源,0
2113,revenue,（国の）歳入,0
2114,poll,世論調査,0
2115,overwhelming,（数などが）圧倒的な,0
2116,majority,過半数,0
2117,be in favor of …,…（意見など）を支持する,1
2118,legislation,法律,0
2119,cop,警官、刑事,0
2120,search for…,…(捜し物)を探す,1
2121,clue (to …),(…の)手がかり、ヒント,1
2122,brutal,残虐な,0
2123,murder,殺人,0
2124,insane,狂気の、正気ではない,0
2125,distinguish　A from B,AをBと区別する,1
2126,vice,悪いこと,0
2127,virtue,正しいこと,0
2128,fingerprint,指紋,0
2129,weapon,兵器、凶器,0
2130,correspond (to/with…),（…に）一致する,1
2131,take by surprise,…（人）を驚かす,1
2132,noted,有名な、著名な,0
2133,psychologist,心理学者,0
2134,accuse…（of A),（Aの理由で）（法的に）…を訴える,1
2135,kidnapping,誘拐,0
2136,jury,陪審団,0
2137,guilty(of…）,（…で）有罪の,0
2138,verdict,（陪審団による）評決,0
2139,give rise to…,…（よくないこと）を引き起こす,1
2140,widespread,（被害などが）広範囲にわたる,0
2141,debate,討論、論争,0
2142,plead(with …）（for A),（…に）（Aを）請願する,1
2143,mercy,慈悲、情状酌量,0
2144,sentence…(to A),…（人）に（Aという）（有罪）判決を下す,1
2145,prison,刑務所,0
2146,crime,（法律上の）犯罪（行為）,0
2147,officer,警官,0
2148,on duty,（兵士・警官・医者などの）職務中の、勤務中の,1
2149,perceive…,（五感で）…に気付く,0
2150,elderly,お年寄りの,0
2151,come up,(自分の方に)近づいて来る,1
2152,catch sight of…,…をちらっと見かける,1
2153,thief,泥棒,0
2154,attempt to do…,…しようと試みる,1
2155,break into…,…（建物に〉不法侵入する,1
2156,witness…,…を目撃する,0
2157,weird,（この世のものとは思えないほど）奇妙な,0
2158,incident,（人々を不安にさせる）出来事,0
2159,wilderness,原野,0
2160,become aware of,…に気付く,1
2161,stare (at…）,（…を）じっと見つめる,1
2162,aisle,（座席・棚の間の）通路,0
2163,turn (…) around,振り向く,1
2164,in sight,視界に（入って）,1
2165,scream(…）,(恐怖、興奮などで）悲鳴をあげる,0
2166,horror,（体が震えるほどの）恐怖,0
2167,take hold of …,…をつかむ,1
2168,inform … of[about] A,（正式な形で）…（人）にAを知らせる,1
2169,safety,（身体・生命の）安全・無事,0
2170,breathe (…),…を吸う,1
2171,sigh,ため息,0
2172,relief,安堵,0
2173,bullet,銃弾,0
2174,penetrate(…),（…を）突き抜ける、(…の)奥まで入り込む,0
2175,chest,胸部(全体),0
2176,critical,危機的な、危篤の,0
2177,be in … condition,…な状態である,1
2178,at present,現時点で,1
2179,uncertain,（物が）不確実な,0
2180,whether A or B,AなのかそれともBなのか,1
2181,deliberately,故意に,0
2182,by accident,誤って,1
2183,deli,デリ[デリカテッセン],0
2184,catch fire,火がつく,1
2185,burn down,（建物が）全焼する,1
2186,heap,（乱雑に積み上げられた）山,0
2187,ash,灰、燃えかす,0
2188,all of a sudden,突然,1
2189,firework,花火,0
2190,warehouse,倉庫、貯蔵庫,0
2191,explode (…),爆発する,1
2192,put ... out,...（火・タバコ）を消す,1
2193,blaze,激しい炎,0
2194,bomb,爆弾,0
2195,go off,（爆発物が）爆発する,1
2196,…-story,…階建ての(建物),0
2197,seriously,ひどく,0
2198,wounded,（武器・凶器で）負傷した,0
2199,cargo,貨物,0
2200,vessel,（大型の）船舶,0
2201,bound (for),（電車・飛行機などが）（…方面）行きの,1
2202,sink,沈む,0
2203,Mediterranean,地中海,0
2204,without trace,何の痕跡も残さずに,1
2205,reckless,無謀な,0
2206,freeze,凍る,0
2207,to death,…の結果死ぬ,1
2208,expedition,（グループによる未開の地への）探検[調査]旅行,0
2209,Antarctic,南極（地方）,0
2210,tragedy,悲劇的な出来事,0
2211,remember (…),…を覚えている、(…を)覚えておく,1
2212,so as to do,…なるように,1
2213,repeat (…),（…を）繰り返す,1
2214,exhibition,展覧会,0
2215,offer (…),（物事が）…を提供する[与える],1
2216,profound,（意味・教養などが）深い,0
2217,insight (into…）,（…に対する）洞察(力)、深い理解(力),1
2218,ancient,古代の,0
2219,civilization,文明,0
2220,credit A with[for] B,BをAの実績として認める[評価する],1
2221,sow,…（種）をまく,0
2222,seed,（争い・変化などの）種、きっかけ,0
2223,renaissance,ルネッサンス,0
2224,mount,…を載せる[はめ込む],0
2225,portrait,肖像画[写真],0
2226,fancy,装飾された,0
2227,frame,枠、額縁,0
2228,upside down,上下逆さまの[に],1
2229,magnificent,（外観・景観などが）壮厳な,0
2230,cathedral,大聖堂,0
2231,date back to…,（起源が）…にまでさかのぼる,1
2232,Middle Ages,中世,1
2233,religion,（複合語で）…の宗教、…教,0
2234,inspire …,…（人）に創作の意欲を沸かせる,1
2235,create …,…（作品など）を創造する,1
2236,splendid,すばらしい,0
2237,sculpture,彫刻作品,0
2238,explore …,…(場所)を探検する,1
2239,desert,砂漠,0
2240,in search of …,…を求めて,1
2241,bury …,…を埋める,1
2242,treasure,宝物,0
2243,millionaire,大富豪,0
2244,insist (on …),(…を)強く主張する,1
2245,acquire…,(時間・労力などを費やして)…を獲得する,0
2246,masterpiece,(ある芸術家の)傑作,0
2247,no matter how ～,たとえどんな[どれだけ]～でも,1
2248,cost (A) …,(A(人)に)…(金額)の出費[負担]を要求する,1
2249,myth,神話,0
2250,legend,伝説,0
2251,hand … down (to A),…を(A(次の世代)に)伝える,1
2252,from generation to generation,代々,1
2253,linguist,言語学者,0
2254,be fluent in…,…を流暢に話す,1
2255,several,いくつかの…,0
2256,dialect,(ある地域の)方言,0
2257,tribe,部族,0
2258,worship (…),(…(神)を)崇拝する,1
2259,ancester,先祖,0
2260,language,(ある国の)言葉,0
2261,be familiar to…,…によく知られている,1
2262,anthropologist,(文化)人類学者,0
2263,custom,(社会などの)慣習,0
2264,prevail,(慣習などが)広く行われている[よく見られる],0
2265,province,(自治)州,0
2266,wicked,(性格などが)意地の悪い,0
2267,witch,魔女,0
2268,cast a spell (on …),(…に)呪文[魔法]をかける,1
2269,evil,(行為・考えなどが)とても悪い,0
2270,spell,呪文、魔法,0
2271,turn A into B,AをBに変える,1
2272,bug,虫,0
2273,proceed,(先に)進む,0
2274,steep,(道などの)傾斜が急な,0
2275,path,細道、小道,0
2276,sole,唯一の,0
2277,access,(場所などに)到着する方法[入る方法],0
2278,border,国境,0
2279,ape,(ゴリラ、チンパンジーなどの)猿、類人猿,0
2280,emerge,(姿が)現れる,0
2281,cave,洞窟,0
2282,be [get] frightened (of … [that ～]),(…を)怖がる、(…に)びっくりする,1
2283,run away,逃げる,1
2284,believe it or not,信じてもらえないかもしれないが(本当に),1
2285,alien,宇宙人,0
2286,vanish,(突然[完全に])消える,0
2287,Give me a break.,冗談はよしてくれ,1
2288,quite a few,かなり多くの(数の)…,1
2289,invite …(to A),…を(Aに)招待する,1
2290,celebrate (…),(式などを催して)(…(特別な行事)を)祝う,1
2291,anniversary,記念日,0
2292,it won't be long before ～,～するまでもうすぐだ,1
2293,in the meantime,その間に,1
2294,help oneself to…,〔命令文で〕…(食べ物など）をご自由にどうぞ,1
2295,snack,軽食,0
2296,be dressed in …,…(服)を着ている,1
2297,loud,(服・色などが)けばけばしい,0
2298,peculiar,奇妙な,0
2299,outfit,服装、衣装,0
2300,stand out,目立つ、際立つ,1
2301,crowd,人込み,0
2302,touch…,…(人)を感動させる,0
2303,hospitality,(心のこもった)もてなし,0
2304,shabby,(衣服・住居などが)ぼろぼろの、みすぼらしい,0
2305,clothes,衣類、洋服,0
2306,be suitable for[to]…,…にふさわしい,1
2307,occasion,(特別な)行事、イベント,0
2308,topic,話題,0
2309,too～to do …,…するにはあまりに～過ぎる,1
2310,intimate,とても私的な,0
2311,share (…) (with A),…(考えなど)を(A(人)に)話す,1
2312,casual,偶然の,0
2313,acquaintance,知人,0
2314,drunk,酔っ払った,0
2315,crude,(言葉などが)下品な、卑猥な,0
2316,offensive,(言葉・態度などが)(人を)不快にさせる,0
2317,keep [stay] away from…,…に近づかない,1
2318,hardly,ほとんど…ない,0
2319,comprehend…,…を理解する,0
2320,imply…,…をほのめかす,0
2321,embarrassed,どぎまぎした、恥ずかしい,0
2322,tease (…),(しつこく)(…を)からかう,1
2323,in front of …,…の正面に[で],1
2324,ambiguous,曖昧な,0
2325,reply,返事,0
2326,all the more,なおさら,1
2327,irritate…,…をいらいらさせる,0
2328,timid,臆病な,0
2329,blush,赤面する,0
2330,chat,おしゃべりする,0
2331,look down on…,…(人)を見下す,1
2332,come from…,…の出身である、…から来る,1
2333,rural,(都会から離れた)地方の,0
2334,What's the matter (with …)?,(…が)どうかしたの？,1
2335,miserable,惨めな、とても不幸な,0
2336,leave … alone,…をほうっておく,1
2337,(It's) none of your business.,あなたには関係ないことだ,1
2338,in disguise,変装して,1
2339,recognize…,…が誰[何]だかわかる,0
2340,at a glance,一目見て(すぐに),1
2341,chuckle,くすくす笑う,0
2342,have … on,…を身に着けている[着ている],1
2343,sweatshirt,スウェット、トレーナー,0
2344,backward(s),{米}（服を)後ろ前に,0
2345,be good at…,…が上手だ,1
2346,make friends (with…),(…と)仲良しになる[親しくなる],1
2347,keep to oneself,自分の殻に閉じこもる,1
2348,belong,(人が)受け入れられる場所にいる,0
2349,extremely,極度に,0
2350,uneasy,不安な,0
2351,lonely,孤独な,0
2352,pretty,かなり,0
2353,adjust to…,…に順応する,1
2354,surroundings,(自分の周囲の)環境,0
2355,utterly,全く,0
2356,out of place,(人・発言などが)場違いの、(人が)浮いてしまって,1
2357,sophisticated,洗練された,0
2358,to tell (you) the truth,実を言うと,1
2359,classical,(音楽ジャンルが)クラシックの…,0
2360,on the other hand,しかし一方では,1
2361,be into…,…(趣味など)にはまっている,1
2362,derive A from B,BからAを引き出す,1
2363,pleasure,楽しみ,0
2364,observe…,…を観察する,0
2365,insect,昆虫,0
2366,How [What] about…?,…はいかがですか？,1
2367,play cards,トランプをする[で遊ぶ],1
2368,A or something,Aか何か,1
2369,for a change,気分転換に,1
2370,I'm not up for it.,そういう気分じゃないよ,1
2371,After you.,お先にどうぞ,1
2372,go ahead,先へ進む,1
2373,You're welcome,どういたしまして,1
2374,niece,姪,0
2375,sociable,(人が)社交的な,0
2376,mature,(精神面で)大人になった,0
2377,for one's age,年の割には,1
2378,pass for…,(本当は違うが)…として通用する,1
2379,twenty-something,二十何歳(かそこら)、二十代,0
2380,Take care (of yourself).,〔別れの挨拶〕(相手の健康を気遣って)じゃあね,1
2381,say hi [hello] to … (for me),(別れ際などに)…(人)によろしく,1
2382,See you later.,またね,1
2383,look forward to…,…を楽しみにする,1
2384,hear from…,…(人)から(手紙・電話などで)連絡をもらう,1
2385,"Sincerely (yours),",敬具,1
2386,spare…,…(時間)を割く,0
2387,discuss…,…について話し合う,0
2388,of importance (to …),(…にとって)重要な,1
2389,seem (to be)…,…のように思える,1
2390,trivial,些細な,0
2391,A is worth doing …,Aは…するだけの価値がある,1
2392,pay attention to…,…に注意を払う,1
2393,as far as A is concerned,Aに関しては,1
2394,anything goes,何でも受け入れる,1
2395,by [in] contrast,それとは対照的に,1
2396,cautious,用心[注意]深い、慎重な,0
2397,awkward,(状況などが)気まずい,0
2398,pause,(会話などの)間,0
2399,take … by the hand [arm],(どこかへ連れて行く目的で)…の手[腕]を取る,1
2400,drag…,…(抵抗するもの)を無理に引っ張って進む,0
2401,upstairs,上の階[二階]へ[に、で],0
2402,comfort…,…を慰める,0
2403,interpret A (as B),Aを(Bの意味に)解釈する,1
2404,romantic,(関係などが)恋愛の…,0
2405,interest,興味[関心],0
2406,make sure [certain] (that)～,～を確かめる,1
2407,sound,(眠りが)深く,0
2408,be asleep,眠っている,1
2409,creep,(人に気付かれないように)静かに[忍び足で]歩く,0
2410,set off,(旅行などに)出発する,1
2411,between you and me,ここだけの話だけど,1
2412,come across…,…を偶然見つける,1
2413,passionately,情熱的に,0
2414,embrace (…),(…を)強く抱きしめる,1
2415,remark,発言,0
2416,be open to…,…(批判など)を受けやすい,1
2417,misunderstanding,誤解,0
2418,stand…,…に我慢する,0
2419,not … anymore [any more],もうこれ以上…しない,1
2420,calm (…) down,落ち着く,1
2421,come over,そこに行く[相手のいる場所に向かう],1
2422,as … as possible,できるだけ…に,1
2423,literally,文字通り,0
2424,be inclined to do …,…する傾向がある,1
2425,exaggerate(…),(…を)大げさに表現する,0
2426,apologize (to…)(for A),(Aのことで)(…に)謝罪する,1
2427,make fun of …,…をばかにする,1
2428,go too far,(相手に対する態度などが)度を越す,1
2429,sometime,そのうち,0
2430,be in a good mood,機嫌がいい,1
2431,get along (well) with…,…(人)とうまくやっていく,1
2432,once in a while,時々,1
2433,think of [about]…,…しようかと考える,1
2434,divorce(…),(…と)離婚する,0
2435,You must be kidding.,冗談でしょう,1
2436,in tears,泣きながら,1
2437,tear … up,…(薄いもの)を(ずたずたに)引き裂く,1
2438,throw … away,…を捨てる,1
2439,deceive…,…をだます,0
2440,should [ought to] have done…,…するべきだった(のにしなかった),1
2441,know better (than to do…),(…しないくらいの)分別はある,1
2442,trust…,…を信頼[信用]する,0
2443,regret doing …,…したことを後悔する,1
2444,waste …,…を無駄にする,1
2445,a good[great] deal of…,(とても)たくさんの…,1
2446,not [never] do … without A,…する時はいつも[必ず]Aをする,1
2447,look back (on…),(…を)振り返る[回想する],1
2448,adolescence,思春期,0
2449,depressed,憂鬱な,0
2450,leave A for B,A(人)を見捨ててB(別の人)にいく,1
2451,guy,男,0
2452,be upset,精神的に不安定である,1
2453,Not really.,(返答で)そうでもないよ,1
2454,be used to…,…に慣れている,1
2455,(it is) no wonder (that)～,～ということも不思議ではない[当然だ],1
2456,show up,(待っていた人が)姿を見せる,1
2457,see … off,…（人)を見送る,1
2458,How come?,どうして？,1
2459,break (…) up,(異性と)別れる[関係がこわれる],1
2460,What's a pity[shame]!,それはかわいそうに,1
2461,all by oneself,たった一人で,1
2462,torture,(罰としての)拷問、(肉体的・精神的な)耐え難い苦痛,0
2463,sob (…),…とすすり[むせび]泣きながら言う,1
2464,to be honest (with you),正直に言うと,1
2465,be crazy about…,…の熱狂的なファンである,1
2466,brave,勇敢な,0
2467,self-confident,(自分（の能力など)に)自信がある,0
2468,be afraid (of …),(…を)怖がる,1
2469,take [run] a risk,危険を冒す,1
2470,"if I were you, I'd do …",私(があなたの立場)だったら…するかな,1
2471,ask … out,…(異性)をデートに誘う,1
2472,go with…,…(異性)と付き合う,1
2473,on and off/off and on,(長い期間に)したりやめたりを繰り返して,1
2474,for ages,ずいぶんと長い間,1
2475,as … as ever,相変わらず…,1
2476,indecisive,決断力のない、優柔不断な,0
2477,It is (about/high) time (that)～,もう～してよい時間だ,1
2478,settle down,身を固める,1
2479,it dawns on A that ～,～ということにA(人)が(だんだん)気付いてくる,1
2480,be taken in by …,…にだまされる,1
2481,all along,最初からずっと,1
2482,naive,うぶな,0
2483,see through…,…の正体を見抜く,1
2484,even though ～,実際に～だけれども(それでも),1
2485,be seeing …,…(異性)と付き合っている,1
2486,give (…) up,(…を)あきらめる,1
2487,What's up?,どうだい調子は?,1
2488,Not much.,別に,1
2489,get married (to…),(…と)結婚する,1
2490,Congratulations!,おめでとう!,0
2491,be in trouble,(相当)大変な[まずい]ことになっている,1
2492,feel down,気分が落ち込んでいる,1
2493,be there (for A),(困ったときには)(Aの)そばにいる,1
2494,delight,(大きな)喜び,0
2495,opposite,反対のもの,0
2496,sorrow,(深い)悲しみ,0
2497,go so far as to do …,(なんと)…さえもする,1
2498,idiot,ばか,0
2499,take … back,…(発言など)を撤回する,1
2500,(It) serves you right.,当然の報いだ,1
2501,provoke…,…(人)を挑発する[(わざと)怒らせる],0
2502,put up with…,…に我慢する[耐える],1
2503,arrogance,傲慢さ,0
2504,take advantage of…,…を悪用する,1
2505,Shut up!,黙れ！、うるさい！,1
2506,take one's time,慌てない,1
2507,a couple of …,"2,3の…",1
2508,reflect on[upon] …,…をよく[深く]考える,1
2509,get through…,…(辛いこと)を乗り切る,1
2510,ordeal,厳しい試練,0
2511,(all) on one's own,(たった)一人で、自分(だけ)で,1
2512,fly,ハエ,0
2513,mosquito,蚊,0
2514,interfere (with…),(…の)邪魔[妨害]をする,1
2515,meditation,(宗教的な)瞑想,0
2516,sacred,神聖な,0
2517,ritual,(宗教的・伝統的な)儀式,0
2518,take place,(行事・会合などが)行われる,1
2519,postpone…,…の延期を決定する,0
2520,all at once,突然,1
2521,Buddhist,仏教徒,0
2522,priest,(キリスト教以外の)聖職者、僧侶,0
2523,burst into …,突然…の状態になる,1
2524,spoil (…),…を台無しになる,1
2525,solemn,厳粛な,0
2526,atmosphere,雰囲気,0
2527,cough,咳をする,0
2528,sneeze,くしゃみをする,0
2529,yawn,あくびをする,0
2530,relative,親戚(の一人),0
2531,pass away,(人が)亡くなる,1
2532,That's too bad.,それは大変だね,1
2533,I'm so sorry.,それはお気の毒に,1
2534,besides…,…に加えて,0
2535,attend…,…(会議など)に出席する,0
2536,funeral,葬式,0
2537,make arrangements,段取りをつける,1
2538,feel for…,…の気持ちがわかる,1
2539,grief,(死別などによる)深い悲しみ,0
2540,fade away,徐々に消える,1
2541,get over …,…(病気など)を克服する,1
2542,cherish…,(宝物のように)…を大切にする,0
2543,precious,貴重な、大切な,0
2544,memory,思い出,0
2545,childhood,少年[少女]時代,0
2546,speaking of…,…と言えば,1
2547,get [be] engaged (to …),(…と)婚約する[している],1
2548,businessman,実業家,0
2549,I'm at a loss for words.,あきれてものが言えないよ,1
2550,break (…) off,…(関係)が(突然)壊れる[破局する],1
2551,these days,近ごろは,1
2552,motive,動機,0
2553,marriage,結婚,0
2554,not necessarily,(可能性として)必ずしも…ではない,1
2555,pure,純粋な,0
2556,Take … for example.,例えば…を見てごらん,1
2557,go easy on …,…にやさしく接する,1
2558,you know,ほら、あれだよ,1
2559,go through…,…(嫌なこと)を経験する,1
2560,rough,(人生が)辛い,0
2561,period,期間、時期,0
2562,recently,最近、この頃,0
2563,by the way,(話題を変えるときに)ところで,1
2564,Do you have the time?,(今の)時間わかりますか？、今何時ですか？,1
2565,Let's see./Let me see,え～っと,1
2566,It's a quarter to eight.,8時15分前です,1
2567,Let's call it a day.,今日はこの辺までにしておこう,1
2568,be starved [starving],おなかがペコペコだ,1
2569,I'll buy you …,…をおごるよ,1
