1,role,役割,0
2,roll,転がる，～を丸める,0
3,healthy,健康な,0
4,mammal,哺乳動物,0
5,produce,～を生産する，農産物,0
6,reproduce,～を再生する，繁殖する,0
7,suffer,苦しむ，害を受ける,0
8,lack,不足，～を欠いている,0
9,curious,好奇心の強い，奇妙な,0
10,however,しかし，どんなに～でも,0
11,nevertheless,それにもかかわらず,0
12,nonetheless,それにもかかわらず,0
13,ape,類人猿,0
14,mark,印・記号，～に印をつける,0
15,target,的，～をねらう,0
16,skin,皮膚,0
17,tooth,歯,0
18,decay,腐る，腐敗,0
19,area,地域，分野,0
20,bleed,出血する,0
21,plenty,たくさん,0
22,fresh,新しい，新鮮な,0
23,drug,薬，麻薬,0
24,amount,総額，量,0
25,sum,金額，合計,0
26,mind,精神，嫌がる，気をつける,0
27,definition,定義，限定,0
28,numerous,多数の,0
29,separate,～を分ける，～を引き離す,0
30,split,～を分ける，分裂する,0
31,isolate,～を孤立させる，～を隔離する,0
32,usual,いつもの,0
33,poison,毒（物）,0
34,carefully,注意深く，注意して,0
35,control,～を支配する，～を抑制する,0
36,discipline,訓練，しつけ，規律,0
37,alcohol,アルコール，酒,0
38,instance,実例，場合,0
39,instant,即刻の，即席の,0
40,depend,頼る，当てにする,0
41,history,歴史（学）,0
42,tie,きずな，～を結ぶ,0
43,bond,きずな，～をくっつける,0
44,culture,文化,0
45,cultivate,～を耕す,0
46,plant,植物，工場,0
47,biology,生物学,0
48,unique,特有の，唯一の,0
49,peculiar,奇妙な，特有の,0
50,matter,問題，事態,0
51,taste,味，好み，味がする,0
52,flavor,風味，趣,0
53,cause,～を引き起こす，原因,0
54,persuade,～を説得する,0
55,fact,事実,0
56,treat,～を扱う，治療する，おごり,0
57,belong,所属している,0
58,pick,選ぶ,0
59,wolf,オオカミ,0
60,raise,～を上げる，育てる,0
61,rear,後部,0
62,lift,～を持ち上げる，上がる,0
63,breed,子を産む，～を育てる,0
64,female,女性（の）,0
65,birth,誕生，出産,0
66,dawn,夜明け,0
67,dig,掘る，突っ込む,0
68,hole,穴，欠点,0
69,gap,割れ目,0
70,within,～の内部に，～の範囲内で,0
71,while,～する間に，～の間ずっと,0
72,moment,瞬間，時,0
73,hunt,狩る，捜す,0
74,instead,その代わりに,0
75,behind,（の）後に，（～よりも）劣って,0
76,guard,～を守る，警備（員）,0
77,physical,身体の，物理的な,0
78,manual,手の，説明書,0
79,gesture,身振り,0
80,meaning,意味，意図,0
81,misunderstand,誤解する,0
82,signal,合図，信号（機）,0
83,embarrass,～を困らせる,0
84,foreign,外国の，異質の,0
85,alien,外国（人）の，異質な，宇宙人,0
86,domestic,国内の，家庭の,0
87,overseas,海外へ（で），海外の,0
88,count,～を数える，重要である,0
89,countless,無数の,0
90,counterpart,（対の）片方，似たもの,0
91,calculate,～を計算する，～と見積もる,0
92,index,索引，目録,0
93,common,普通の，共通の,0
94,familiar,なじみのある，精通した,0
95,mutual,相互の，共通の,0
96,puzzle,～を困らせる，パズル,0
97,mystery,不思議，神秘,0
98,reply,答える,0
99,effective,効果的な,0
100,efficient,効率的な，有能な,0
101,mask,～を隠す，マスク,0
102,feeling,感情，感じ，感覚,0
103,psychologist,心理学者,0
104,philosophy,哲学,0
105,claim,～を主張する，～を要求する,0
106, false,間違っている，うその,1
107,fake,偽物（の）,0
108,muscle,筋肉,0
109,surround,～を囲む,0
110,tight,きつい，しっかり固定した,0
111,cheek,ほお,0
112,pull,引く,0
113,lip,唇,0
114,upward,上に向かって，上方への,0
115,forward,前に,0
116,slightly,わずかに,0
117,subtle,（違いなどが）微妙な,0
118,perhaps,ひょっとすると，だいたい,0
119,less,より少なく〔い〕,0
120,least,最小（の）,0
121,temperature,温度，体温,0
122,seem,（～のように）思われる,0
123,confuse,～を当惑させる,0
124,describe,～を言い表す，描く,0
125,respond,反応する，答える,0
126,correspond,合致する，相当する,0
127,simple,単純な，簡単な,0
128,complicated,複雑な,0
129,complex,複雑な，複合的な,0
130,explanation,説明,0
131,nerve,神経,0
132,neuron,神経単位（ニューロン）,0
133,react,反応する,0
134,chemical,化学製品，化学の,0
135,rise,上昇，上がる，起きる,0
136,soar,急上昇する,0
137,expression,表現，表情,0
138,metaphor,隠喩，象徴,0
139,therefore,したがって,0
140,reflect,反射する，反映する,0
141,clothes,衣服,0
142,convenient,便利な，都合のよい,0
143,though,～にもかかわらず,0
144,discrimination,差別，区別,0
145,prejudice,先入観，偏見,0
146,bias,偏見，先入観,0
147,reason,理由，道理,0
148,logic,論理（学）,0
149,rational,理性的な，合理的な,0
150,past,過去，過去の,0
151,quite,かなり,0
152,pretty,かなり，かわいらしい,0
153,expensive,高価な,0
154,rich,裕福な，豊富な,0
155,poor,貧しい，かわいそうな,0
156,afford,～する余裕がある,0
157,wealthy,裕福な,0
158,servant,召使い,0
159,slave,奴隷,0
160,master,主人，～を習得する,0
161,dress,～に衣服を着せる，ドレス,0
162,regard,AをBとみなす，～を尊重する,0
163,symbol,象徴，記号,0
164,power,権力，能力,0
165,dye,染料，染まる〔染める〕,0
166,elegant,上品な,0
167,polite,礼儀正しい,0
168,rude,無礼な,0
169,ancient,古代の,0
170,coast,沿岸，海岸,0
171,shore,岸,0
172,Mediterranean,地中海の,0
173,discover,～を発見する，～に気づく,0
174,finding,発見（物），報告,0
175,shell,（貝）殻,0
176,unlike,～と異なって,0
177,liquid,液体（の）,0
178,solid,固体（の）,0
179,contact,接触，連絡,0
180,access,接近，利用権,0
181,let,～するのを許す,0
182,allow,～を許す,0
183,forgive,（人・行為・罪などを）許す,0
184,smell,～のにおいがする,0
185,branch,枝，支店,0
186,space,場所，空間，宇宙,0
187,burn,焼ける〔焼く〕，燃える〔燃やす〕,0
188,perfectly,完璧に，まったく,0
189,previously,以前に,0
190,support,～を支える,0
191,prove,～を証明する，～とわかる,0
192,demonstrate,～を証明する，～を実演する,0
193,somehow,なんとかして,0
194,composition,構成，作品,0
195,consist,成る，存在する,0
196,celebrate,祝う,0
197,annual,年一回の，一年間の,0
198,experiment,実験，実験する,0
199,collapse,崩壊（する）,0
200,survive,生き残る,0
201,observation,観察（結果），監視,0
202,lead,～を導く，（生活）を送る,0
203,guide,案内人〔書〕，案内する,0
204,offer,～を提供する，～を申し出る,0
205,theory,理論,0
206,academy,学士院，専門学校,0
207,restore,～を戻す，～を修復〔回復〕する,0
208,breathe,呼吸する,0
209,blow,吹く，息を吐く,0
210,sigh,ため息（をつく）,0
211,remove,～を取り除く，～を移す,0
212,eliminate,～を取り除く,0
213,exclude,～を除外する,0
214,oxygen,酸素,0
215,ant,アリ,0
216,chimpanzee,チンパンジー,0
217,cattle,ウシ,0
218,deer,シカ,0
219,dinosaur,恐竜,0
220,dolphin,イルカ,0
221,insect,昆虫,0
222,mosquito,蚊,0
223,primate,霊長類の動物,0
224,rat,ネズミ,0
225,shark,サメ,0
226,sheep,ヒツジ,0
227,whale,クジラ,0
228,bark,ほえる,0
229,nest,巣,0
230,cage,かご,0
231,wild,野生の,0
232,wildlife,野生生物,0
233,bamboo,竹,0
234,lawn,芝生,0
235,trunk,幹，（自動車の）トランク,0
236,wood,木材，森,0
237,timber,材木,0
238,disappear,消える,0
239,fade,（色などが）あせる，見えなくなる,0
240,vanish,（突然）消える,0
241,bank,銀行，土手,0
242,stick,～を貼り付ける，棒きれ,0
243,bush,潅木，茂み,0
244,police,警察,0
245,fur,毛皮,0
246,suspect,～を疑う，～だと思う,0
247,suppose,～と考える,0
248,attempt,～を試みる，～しようとする,0
249,dare,あえて～する,0
250,tempt,～を誘惑する,0
251,suicide,自殺,0
252,marriage,結婚,0
253,seriously,まじめに，深刻に,0
254,grave,重大な，真剣な,0
255,despite,～にもかかわらず,0
256,extensive,広範囲の，大規模な,0
257,stretch,～を（引き）伸ばす,0
258,search,捜査，～を捜す,0
259,whole,全体（の）,0
260,clue,手がかり,0
261,hint,ヒント,0
262,notice,～に気づく，注意,0
263,overlook,～を見落とす,0
264,guest,招待客,0
265,audience,聴衆，視聴者,0
266,client,依頼人,0
267,passenger,乗客,0
268,similar,似通った，同類〔種〕の,0
269,alike,同様の〔に〕,0
270,parallel,平行な，類似の,0
271,resemble,～に似ている,0
272,photo,写真,0
273,missing,行方不明の，欠けている,0
274,ring,鳴る，電話をかける,0
275,rush,急いで行く,0
276,act,行動する,0
277,passive,受動的な,0
278,completely,完全に,0
279,total,まったくの，合計,0
280,utter,（ため息、言葉）を発する,0
281,recognize,～を認識する，～を認める,0
282,acknowledge,（過失など）を認める,0
283,congnitive,認識〔認知〕の,0
284,memory,記憶，思い出,0
285,monument,記念碑，遺跡,0
286,loss,紛失，損害,0
287,due,到着予定で，（～する）はずで,0
288,incident,出来事，事件,0
289,follow,～の後についていく,0
290,precede,～より先に起こる,0
291,flow,流れる,0
292,stream,小川，流れ,0
293,divorce,離婚（する）,0
294,ironic,皮肉な,0
295,paradox,矛盾（していること），逆説,0
296,copy,写し，複製（する）,0
297,aware,気づいて，知って,0
298,conscious,気づいて,0
299,protect,～を保護する,0
300,defend,守る,0
301,dirt,泥，ほこり，汚れ,0
302,bacteria,バクテリア，細菌,0
303,function,機能，役割,0
304,sense,感覚，思慮,0
305,rough,ざらざらした，粗野な,0
306,approximately,おおよそ,0
307,mild,軽い，まろやかな，穏やかな,0
308,gentle,優しい，穏やかな,0
309,smooth,平らな，なめらかな,0
310,polish,～を磨く,0
311,surface,表面，外観,0
312,determine,～を特定する，～を決心する,0
313,pale,青白い,0
314,disease,病気,0
315,ease,容易さ,0
316,mental,知能の，精神的な,0
317,state,状態，国家，～を述べる,0
318,sweat,汗をかく，汗,0
319,gene,遺伝子,0
320,inherent,固有の,0
321,basic,基礎の,0
322,part,部分，役,0
323,piece,1つの～，部品,0
324,portion,部分,0
325,department,部門，学科，売り場,0
326,arrival,到着,0
327,cell,細胞,0
328,tissue,組織，ティッシュ（ペーパー）,0
329,pass,通過する，合格する,0
330,human,人間（の）,0
331,mankind,人類,0
332,humor,ユーモア,0
333,behavior,態度，行動,0
334,glass,ガラス,0
335,grass,草,0
336,tube,管，チューブ，（ロンドンの）地下鉄,0
337,end,最後，～を終わらせる,0
338,toward,～の方へ,0
339,researcher,研究者,0
340,scholar,学者,0
341,variation,変化，差異,0
342,diverse,さまざまな，異なった,0
343,particular,特定の，特別の,0
344,suggest,～をそれとなく言う，～を提案する,0
345,advice,忠告，助言,0
346,influence,～に影響を及ぼす，影響,0
347,automobile,自動車,0
348,wheel,車輪,0
349,aircraft,航空機,0
350,airline,定期航空路，航空会社,0
351,benefit,利益，恩恵,0
352,well-being,幸福，健康，福利,0
353,welfare,幸福，繁栄，福祉（事業）,0
354,aloud,声に出して,0
355,opportunity,機会,0
356,occasion,場合，機会,0
357,close,接近した，～を閉める,0
358,nearby,近くの，近くで,0
359,relax,くつろぐ,0
360,calm,落ち着いた，平静,0
361,slow,速度を落とす，遅れている,0
362,rapid,速い，急な,0
363,communicate,意図〔意思〕を伝え合う,0
364,feature,特徴,0
365,trait,特色,0
366,feather,羽，羽毛,0
367,moral,道徳的な，倫理的な,0
368,ethic,道徳，規範,0
369,explore,探検する,0
370,exploit,～を利用する，～を開発する,0
371,concept,概念，発想,0
372,notion,考え，理解,0
373,vocabulary,語彙,0
374,sentence,文，判決,0
375,structure,構造，組織，建物,0
376,actually,実際に，実は,0
377,stimulate,～を刺激する，～を活気づける,0
378,excite,～を興奮させる,0
379,brain,脳,0
380,development,発達，発展,0
381,growth,成長，発展,0
382,pioneer,開拓者,0
383,frequently,しばしば,0
384,encourage,～を励ます，～を奨励する,0
385,cheer,～を励ます，～を応援する,0
386,brave,勇敢な,0
387,bold,大胆な，際立った,0
388,regular,規則的な，定期的な,0
389,law,法（律）,0
390,code,規定，法典,0
391,assist,～を助ける,0
392,aid,支援，～を援助する,0
393,office,事務所，職場,0
394,clerk,事務員，職員,0
395,workplace,仕事場,0
396,workforce,総労働人口,0
397,factory,工場,0
398,worldwide,世界中で〔に〕，世界的な,0
399,background,経歴，背景,0
400,select,～を選ぶ,0
401,customer,顧客,0
402,accustomed,慣れている,0
403,success,成功，出世,0
404,triumph,勝利,0
405,employee,従業員,0
406,hire,～を雇う,0
407,dismiss,～を解雇する,0
408,expect,～を予期する，～を期待する,0
409,sudden,突然の,0
410,anticipate,～を予想する,0
411,nor,～もまた･･･ない,0
412,neither,～もまた･･･ない,0
413,main,主要な,0
414,largely,主として,0
415,reduce,～を減らす,0
416,diminish,減少する〔させる〕,0
417,stress,ストレス，圧力，強調する,0
418,necessarily,必ず,0
419,accident,事故，偶然,0
420,traffic,交通（量）,0
421,disaster,（大）災害,0
422,save,～を救う，～を蓄積する，～を節約する,0
423,company,会社，同席,0
424,mate,仲間,0
425,accompany,～に同行する，～に付随して起こる,0
426,enterprise,企業，事業,0
427,chance,見込み，機会，偶然,0
428,approach,取り組み，接近,0
429,deal,量，取引,0
430,cope,うまく処理する,0
431,bear,～に耐える,0
432,endure,～に耐える,0
433,generally,通例，一般的に,0
434,tend,（･･･する）傾向がある,0
435,positive,積極的な，好ましい，確信して,0
436,negative,否定の，消極的な,0
437,quick,短時間の，すばやい,0
438,willing,～する気がある，喜んで行う,0
439,responsibility,責任,0
440,guilty,罪悪感を覚える，有罪の,0
441,innocent,無罪の，無邪気な,0
442,commit,～を犯す，関わる,0
443,position,位置，立場，状況,0
444,pose,ポーズ（をとる）,0
445,pause,ちょっと止める,0
446,opinion,意見,0
447,result,結果として起こる，結果，成績,0
448,difficulty,困難（さ）,0
449,flexible,柔軟な,0
450,rigid,堅い，厳格な,0
451,severe,深刻な，厳格な,0
452,bitter,つらい，苦い,0
453,strict,厳格な，厳重な,0
454,tough,困難な，丈夫な,0
455,enough,十分に（な）,0
456,importance,重要性,0
457,arise,起きる，起因する,0
458,derive,～を得る，由来する,0
459,stem,生じる，由来する,0
460,delay,遅延，延期，～を遅らせる,0
461,postpone,～を延期する,0
462,prolong,～を延長する,0
463,solve,～を解決する,0
464,knowledge,知識，認識,0
465,although,～にもかかわらず，～だが,0
466,appear,～と思われる，現れる,0
467,perform,～を行う，上演（演奏）する,0
468,instinct,本能，天性,0
469,adapt,～を適応させる〔する〕,0
470,adjust,～を調節する，～を適合させる,0
471,owner,持ち主，飼い主,0
472,possess,～を所有している,0
473,lie,横たわっている，嘘をつく,0
474,lay,～を置く，～を横たえる，（卵）を産む,0
475,ray,光線,0
476,exhaust,～を疲れ果てさせる,0
477,comfort,～を慰める，快適さ,0
478,harsh,厳しい，不快な,0
479,plate,皿，料理,0
480,dish,皿，料理,0
481,handle,取っ手，～をうまく扱う,0
482,furthermore,さらに,0
483,top,頂上，上部，最高位,0
484,bottom,底，最下位,0
485,tail,しっぽ，後部,0
486,tale,話，うそ,0
487,eventually,結局,0
488,enormous,莫大な，巨大な,0
489,college,（単科）大学,0
490,length,長さ,0
491,span,期間，長さ,0
492,meanwhile,その間に，一方では,0
493,organization,組織（化）,0
494,monitor,（監視）モニター，～を監視する,0
495,exactly,正確に，ちょうど,0
496,task,仕事，任務,0
497,duty,義務，任務，関税,0
498,assignment,任務，割り当て，課題,0
499,challenge,難問，挑戦,0
500,originally,元来は，初めは,0
501,ancestor,先祖,0
502,consider,～をよく考える，AをBとみなす,0
503,century,世紀,0
504,certain,確かな，ある～,0
505,ensure,～を確実にする，～を保証する,0
506,assure,（人）に保証する，～を安心させる,0
507,reassure,～を安心させる,0
508,guarantee,～を保証する,0
509,region,地域,0
510,list,リスト〔一覧表〕,0
511,verb,動詞,0
512,oral,口頭での，口（内）の,0
513,linguistic,言語（学）の,0
514,form,形（態），人影，～を形作る,0
515,shape,（体）形，状態,0
516,casual,無頓着な，普段着の,0
517,drive,自動車を運転する，～を車で送る,0
518,compound,複合の，混合物，～を混合する,0
519,huge,巨大な，莫大な,0
520,giant,巨大な，巨人,0
521,massive,巨大な，大規模な,0
522,technical,技術的な，専門の,0
523,scientific,科学の，科学的な,0
524,term,（専門）用語，学期，任期,0
525,semester,（2学期制の）学期,0
526,finally,とうとう，終わりにあたって,0
527,ultimate,究極の，根本の,0
528,initial,初めの，頭文字,0
529,add,～を加える，～と言い足す,0
530,extra,余分の，追加の,0
531,spare,予備（の）,0
532,create,～を創造する,0
533,constantly,絶えず,0
534,nature,自然（界），性質,0
535,innate,生まれつきの，先天的な,0
536,frustrate,～をいらいらさせる，～を挫折させる,0
537,uniform,制服，均等の,0
538,union,組合，連合,0
539,unit,単位，1個,0
540,bilingual,二ヶ国語を話す（人）,0
541,triangle,三角形,0
542,debate,議論，論争，討論する,0
543,dispute,～を議論する，紛争，討論,0
544,controversy,論争,0
545,invent,～を発明する,0
546,modern,現代の，近代の,0
547,civilization,文明（化）,0
548,primitive,原始的な，原始（時代）の,0
549,old-fashioned,時代〔流行〕遅れの,0
550,comparison,比較，匹敵（するもの）,0
551,stuff,～を詰め込む，材料,0
552,staff,職員,0
553,version,～版，意見，翻訳,0
554,field,畑，分野，競技場,0
555,set,～を置く，～を（ある状態に）する，一揃い,0
556,choose,選ぶ,0
557,normally,標準的に，普通は,0
558,standard,標準（の），基準,0
559,involve,～を含む，～を巻き込む，～を没頭させる,0
560,hit,たたく，当たる，打撃,0
561,leather,皮製の，革〔製品〕,0
562,beat,打つ，たたく，打ち負かす,0
563,honor,名誉，敬意,0
564,international,国際的な，国家間の,0
565,match,試合，～と調和する，～に匹敵する,0
566,emperor,皇帝,0
567,empire,帝国,0
568,kingdom,王国,0
569,royal,国王の，王立の,0
570,spread,～を広げる，～を塗る，普及,0
571,scatter,～を撒き散らす,0
572,accumulate,蓄積する,0
573,popularity,人気，流行,0
574,possible,可能な，あり得る,0
575,prospect,見込み，期待,0
576,British,イギリス人，イギリス（人）の,0
577,violent,暴力的な，激しい,0
578,fierce,激しい，凶暴な,0
579,injury,負傷，傷つけること,0
580,strain,～を酷使する，～を痛める，緊張,0
581,death,死（亡）,0
582,fatal,致命的な,0
583,alive,生きて,0
584,vivid,活き活きした,0
585,series,連続，シリーズもの,0
586,rule,規則，支配,0
587,dominate,支配する,0
588,university,（総合）大学,0
589,campus,（大学などの）構内，キャンパス,0
590,forbid,～を禁じる,0
591,realize,～悟る，～に気づく，～を実現する,0
592,perceive,～を知覚〔理解〕する,0
593,skill,技術，技能,0
594,jump,跳ぶ，飛び上がる,0
595,barrier,障害（物），柵,0
596,obstacle,障害（物）,0
597,hurt,～にけがをさせる，痛む,0
598,offend,～の気分を害する,0
599,social,社会の,0
600,interaction,交流，相互作用,0
601,bite,かむ,0
602,angry,怒って,0
603,mad,怒っている,0
604,annoy,～をいらいらさせる,0
605,irritate,～をいらいらさせる,0
606,order,順番，命令,0
607,mess,散らかっている状態,0
608,release,～を解放する,0
609,relieve,～を取り除く,0
610,energy,活力，エネルギー,0
611,yell,大声で叫ぶ,0
612,doubtful,疑っている,0
613,whether,～かどうか,0
614,concern,～に関係する，～を心配させる,0
615,increasingly,ますます,0
616,decrease,減少する,0
617,descend,降りる,0
618,offspring,子（孫）,0
619,competitive,競争の,0
620,rival,～に劣らない,0
621,adult,大人,0
622,childhood,子供時代,0
623,infant,幼児,0
624,mature,成熟した,0
625,parental,親の,0
626,harmony,調和,0
627,tune,メロディ,0
628,suitable,適当な,0
629,decent,立派な,0
630,purpose,目的,0
631,aim,～を目標にする,0
632,destination,目的地,0
633,goal,ゴール，目標,0
634,mission,任務,0
635,proper,適切な,0
636,estate,財産,0
637,environment,環境,0
638,circumstance,状況,0
639,ecological,生態学の,0
640,ecosystem,生態系,0
641,alarm,恐れ,0
642,amaze,～をとても驚かせる,0
643,astonish,～を驚かせる,0
644,startle,～をびっくりさせる,0
645,surprise,～を驚かせる,0
646,charm,魅力,0
647,bore,～を退屈させる,0
648,frighten,～を怖がらせる,0
649,scare,～をおびえさせる,0
650,tradition,伝統,0
651,heritage,遺産,0
652,legend,伝説,0
653,conventional,従来の,0
654,superstition,迷信,0
655,religion,宗教,0
656,ethnic,民族の,0
657,tribe,種族,0
658,folk,人々,0
659,ceremony,儀式,0
660,belief,信念,0
661,medieval,中世の,0
662,pure,純粋な,0
663,evil,邪悪な,0
664,vice,悪,0
665,spirit,精神,0
666,soul,魂,0
667,associate,～を連想する,0
668,fortune,財産,0
669,optimism,楽観主義,0
670,luck,幸運,0
671,enter,～に入る,0
672,wish,願う,0
673,pray,祈る,0
674,prey,獲物,0
675,fertility,肥沃なこと,0
676,prosperity,繁栄,0
677,flourish,栄える,0
678,continue,～を続ける,0
679,ritual,儀式,0
680,contemporary,現代の，同時代の,0
681,incorporate,～を取り入れる,0
682,combine,～を組み合わせる,0
683,integrate,～を統合する,0
684,federal,連邦の,0
685,value,価値,0
686,evaluate,～を評価する,0
687,appreciate,～を正しく理解する,0
688,precious,貴重な,0
689,treasure,宝物,0
690,medical,医学の,0
691,clone,～を作る,0
692,relate,～を関連づける,0
693,relevant,関連がある,0
694,ordinary,普通の,0
695,odd,奇妙な,0
696,opponent,反対者,0
697,object,反対する,0
698,insist,～を主張する,0
699,assert,～を断言する,0
700,destroy,～を破壊する,0
701,ruin,破滅,0
702,spoil,～を台なしにする,0
703,extinct,絶滅した,0
704,reliable,信頼できる,0
705,fear,恐れる,0
706,superior,優れた,0
707,inferior,劣った,0
708,argue,議論する,0
709,patient,患者,0
710,reject,～を拒絶する,0
711,practically,ほとんど,0
712,routine,型通りの,0
713,stereotype,固定観念,0
714,receive,～を受け取る,0
715,inherit,相続する,0
716,ban,～を禁止する,0
717,promote,～を促進する,0
718,boost,～を高める,0
719,foster,～を養育する，～を促進する,0
720,maintain,～を維持する,0
721,retain,～を保つ,0
722,sustain,～を持続させる,0
723,freedom,自由,0
724,liberty,自由,0
725,generous,気前の良い，寛大な,0
726,seek,～を探し求める,0
727,consult,～に相談する,0
728,unless,～でない限り,0
729,clearly,明らかに,0
730,obvious,明白な,0
731,plain,明白な,0
732,vague,あいまいな,0
733,harmful,害のある,0
734,issue,問題（点）,0
735,item,項目,0
736,article,記事,0
737,fever,熱,0
738,headache,頭痛,0
739,stroke,（脳）卒中,0
740,flu,インフルエンザ,0
741,obesity,肥満,0
742,fat,太っている,0
743,lean,やせた,0
744,thin,薄い,0
745,thick,厚い,0
746,dense,密集した,0
747,handful,1つかみの量の～,0
748,peaceful,平和な,0
749,useless,役に立たない,0
750,lesson,レッスン,0
751,lecture,講義,0
752,elaborate,手の込んだ,0
753,meal,食事,0
754,manage,どうにか～する,0
755,boss,上司,0
756,preserve,～を保存する,0
757,conservation,保護,0
758,committee,委員会,0
759,education,教育,0
760,instruct,～に教える,0
761,figure,数字,0
762,chart,図,0
763,decade,10年間,0
764,national,全国的な，国家の,0
765,native,出生地の,0
766,citizen,国民,0
767,daily,毎日,0
768,steady,固定された，一定の,0
769,stable,安定した,0
770,decline,減少,0
771,option,選択,0
772,adopt,～を採用する,0
773,kid,子供,0
774,schedule,スケジュール,0
775,scheme,計画,0
776,teenager,10代の若者,0
777,single,ただ1つの,0
778,sole,唯一の,0
779,merely,単に,0
780,factor,要因,0
781,predict,～を予言する,0
782,forecast,～を予報する,0
783,achievement,達成,0
784,accomplish,～を成し遂げる,0
785,attain,～を成し遂げる,0
786,fulfill,～を果たす,0
787,score,得点,0
788,far,遠くへ,0
789,worship,礼拝する,0
790,art,美術,0
791,nearly,ほとんど,0
792,adolescent,青年,0
793,cite,～を引用する,0
794,quote,～を引用する,0
795,poll,世論調査,0
796,pole,棒,0
797,rate,～を評価する,0
798,pace,歩調,0
799,grandparent,祖父,0
800,cousin,いとこ,0
801,hero,英雄,0
802,pupil,生徒,0
803,twin,双子の,0
804,fisherman,漁師,0
805,athlete,運動選手,0
806,laugh,笑う,0
807,lend,～を貸す,0
808,rent,～を貸借する,0
809,shake,～を振り動かす,0
810,climb,登る,0
811,leap,跳ぶ,0
812,slide,すべる,0
813,greet,～にあいさつする,0
814,mathematics,数学,0
815,statistics,統計,0
816,Europe,ヨーロッパ,0
817,industrial,産業の,0
818,lazy,怠け者の,0
819,revolution,革命,0
820,mostly,たいていは,0
821,astronomy,天文学,0
822,satellite,衛星,0
823,launch,～を開始する,0
824,Dutch,オランダ人,0
825,Egypt,エジプト,0
826,Greece,ギリシャ,0
827,lreland,アイルランド,0
828,Latin,ラテン語,0
829,Mexico,メキシコ,0
830,Russian,ロシア人,0
831,equation,方程式,0
832,peer,同等の人，同僚,0
833,equivalent,同等の,0
834,method,方法,0
835,means,手段,0
836,manner,方法,0
837,media,マスメディア,0
838,unfortunately,不幸にも,0
839,miserable,惨めな,0
840,critical,批判的な,0
841,attitude,態度,0
842,turn,回転する,0
843,bend,～を曲げる,0
844,curve,曲線,0
845,statue,像,0
846,blame,～を非難する,0
847,accuse,～を訴える,0
848,condemn,～を責める,0
849,countryside,田舎,0
850,rural,田舎の,0
851,suburb,郊外,0
852,urban,都市の,0
853,typically,典型的に,0
854,brand,銘柄,0
855,low,低い,0
856,currently,現在,0
857,cash,現金,0
858,so-called,いわゆる,0
859,hypothesis,仮説,0
860,premise,前提,0
861,assume,～と思い込む,0
862,undertake,～を引き受ける,0
863,risk,危険,0
864,nowadays,この頃,0
865,bathe,入浴させる,0
866,dust,ほこり,0
867,expose,～にさらす,0
868,shelter,住まい，避難所,0
869,substance,物質,0
870,trend,傾向,0
871,fashion,流行,0
872,encounter,～に出くわす,0
873,share,～を共有する,0
874,wide,広い,0
875,widespread,広範囲にわたる,0
876,expand,～を拡大する,0
877,broad,広い,0
878,narrow,狭い,0
879,range,範囲,0
880,data,データ,0
881,income,収入,0
882,level,程度,0
883,thus,このように,0
884,hence,したがって,0
885,attention,注意,0
886,alert,油断のない,0
887,awake,目が覚めて,0
888,asleep,眠って,0
889,victim,犠牲者,0
890,sacrifice,犠牲,0
891,major,主要な,0
892,chief,長,0
893,primary,主要な,0
894,principal,主要な,0
895,principle,主義,0
896,shock,衝撃,0
897,thrill,ぞくぞくする,0
898,weak,弱い,0
899,minor,それほど重要でない,0
900,accept,～を受け入れる,0
901,obey,従う,0
902,indeed,本当に,0
903,emphasize,～を強調する,0
904,exaggerate,～を誇張する,0
905,upset,～をあわてさせる,0
906,spill,～をこぼす,0
907,investigate,～を調査する,0
908,inqure,尋ねる,0
909,painful,痛い,0
910,personally,個人的見解では,0
911,disturb,～を乱す,0
912,distress,苦悩,0
913,interfere,妨げとなる,0
914,interrupt,さえぎる,0
915,topic,話題,0
916,period,期間,0
917,afterwards,後で,0
918,reveal,～を明らかにする,0
919,conceal,～を隠す,0
920,inner,内部の,0
921,outer,外部の,0
922,center,中心,0
923,core,中心,0
924,illness,病気,0
925,symptom,兆候,0
926,everyday,毎日の,0
927,exercise,運動,0
928,highly,非常に,0
929,including,～を含めて,0
930,embrace,～を抱きしめる,0
931,lonely,寂しい,0
932,immediately,即座に,0
933,sample,見本,0
934,evidence,証拠,0
935,witness,目撃者,0
936,improve,～を改良する,0
937,progress,前進,0
938,reform,改革,0
939,resistance,抵抗,0
940,fight,戦う,0
941,battle,戦闘,0
942,conflict,対立する,0
943,sensitivity,感じやすさ,0
944,invade,～に侵入する,0
945,individual,個人,0
946,propose,～を提案する,0
947,project,計画,0
948,failure,失敗,0
949,silence,沈黙,0
950,revise,～を変更する,0
951,exotic,異国風の,0
952,external,外の,0
953,interior,内部,0
954,internal,内部の,0
955,absurd,不合理な,0
956,fool,愚か者,0
957,silly,愚かな,0
958,stupid,ばかな,0
959,ridiculous,ばかげた,0
960,lovely,美しい,0
961,dull,退屈な,0
962,ugly,醜い,0
963,selfish,利己的な,0
964,deliberately,故意に,0
965,aspect,側面,0
966,phase,段階,0
967,phenomenon,現象,0
968,truth,真実,0
969,genuine,本物の,0
970,fiction,小説,0
971,myth,神話,0
972,deceive,～をだます,0
973,pretend,ふりをする,0
974,intend,～するつもりだ,0
975,impression,印象,0
976,grand,壮大な,0
977,acquaintance,知人,0
978,dollar,ドル,0
979,fantastic,すてきな,0
980,illusion,幻想,0
981,purchase,～を買う,0
982,specific,特定の,0
983,candidate,候補,0
984,political,政治の,0
985,mayor,市長,0
986,campaign,運動,0
987,starategy,戦略,0
988,policy,政策,0
989,trick,～をだます,0
990,vote,投票する,0
991,govern,～を統治する,0
992,administration,政権,0
993,minister,大臣,0
994,priest,聖職者,0
995,gain,～を手に入れる,0
996,election,選挙,0
997,race,競争,0
998,subsequent,続いて起こる,0
999,advertising,広告,0
1000,commercial,商業の,0
1001,marketing,マーケティング,0
1002,honest,正直な,0
1003,frank,率直な,0
1004,illegal,違法の,0
1005,service,公共事業,0
1006,consequently,その結果,0
1007,sequence,連続,0
1008,recommend,～を勧める,0
1009,cure,～を治療する,0
1010,mention,～について言う〔書く〕,0
1011,refer,言及する，参照する,0
1012,comment,論評（する）,0
1013,remark,感想，発言,0
1014,corporation,企業,0
1015,prefer,～を好む,0
1016,pop,飛び出る，～をポンと置く,0
1017,degree,程度,0
1018,scale,規模,0
1019,dimension,寸法,0
1020,chip,薄切り,0
1021,consumer,消費者,0
1022,demand,要求，需要,0
1023,sort,種類，～を分類する,0
1024,species,種（類）,0
1025,detail,細部，詳細,0
1026,collect,～を集める,0
1027,gather,集まる〔める〕,0
1028,assemble,集まる，～を組み立てる,0
1029,session,集まり,0
1030,conference,会議，協議,0
1031,habit,習慣，癖,0
1032,addiction,中毒，熱中,0
1033,habitat,生息地,0
1034,resident,住民,0
1035,male,男性（の）,0
1036,whereas,（その）一方で,0
1037,sacred,神聖な，とても重要な,0
1038,rather,むしろ，かなり,0
1039,ideal,理想的な，理想,0
1040,romantic,空想的な，恋愛の,0
1041,abstract,抽象的な，要約,0
1042,fit,合う，適した,0
1043,alongside,～のそば〔横〕に（沿って）,0
1044,beside,～のそばに,0
1045,besides,～に加え，さらに,0
1046,except,～を除いて（は）,0
1047,above,上（方）に,0
1048,onto,～の上へ,0
1049,beyond,～を越えて,0
1050,forth,前へ,0
1051,inside,～の中に〔へ，の〕，内側,0
1052,swallow,飲み込む，ツバメ,0
1053,pound,ポンド,0
1054,business,商売，仕事,0
1055,prize,賞（品）,0
1056,favorite,お気に入りの（もの）,0
1057,beg,懇願する,0
1058,brush,ブラシ,0
1059,shine,輝く，～を照らす,0
1060,sweep,掃除（をする）,0
1061,apply,～を適用する，申し込む,0
1062,affect,～に影響する,0
1063,acre,エーカー,0
1064,yard,ヤード，（中）庭,0
1065,height,高さ,0
1066,inch,インチ,0
1067,quarter,4分の1,0
1068,millennium,千年（祭）,0
1069,dot,点,0
1070,angle,角（度），観点,0
1071,square,正方形,0
1072,continent,大陸,0
1073,Atlantic,大西洋の,0
1074,Pacific,太平洋の,0
1075,ocean,大洋,0
1076,marine,海の,0
1077,bay,入江，湾,0
1078,canal,運河,0
1079,reef,岩礁,0
1080,tide,潮（の干満）,0
1081,flood,洪水,0
1082,pour,～を注ぐ,0
1083,island,島,0
1084,peak,最高潮，頂上,0
1085,slope,坂，勾配,0
1086,valley,谷（間）,0
1087,glacier,氷河,0
1088,fountain,噴水,0
1089,cave,洞窟,0
1090,horizon,地〔水〕平線,0
1091,volcano,火山,0
1092,appropriate,適切な,0
1093,sale,販売,0
1094,retail,小売,0
1095,sail,航行する，航海,0
1096,career,職業，経歴,0
1097,rubber,ゴム,0
1098,likely,ありそうな，たぶん,0
1099,knock,打つ，たたく,0
1100,palm,手のひら，ヤシ,0
1101,aggressive,攻撃的な，積極的な,0
1102,attack,攻撃（する）,0
1103,hostile,敵意〔反感〕を持った,0
1104,friendship,友人関係,0
1105,limit,～を制限する，限界,0
1106,confine,～を制限する，限界,0
1107,restriction,制限,0
1108,repeat,繰り返す,0
1109,ability,能力，才能,0
1110,capable,～できる，有能な,0
1111,disabled,障害のある,0
1112,enable,～できるようにする,0
1113,earn,～を得る,0
1114,insurance,保険,0
1115,several,いくつかの,0
1116,multiple,多様な,0
1117,record,記録（する）,0
1118,document,文書，記録,0
1119,register,～を登録する，レジ,0
1120,worth,価値，～の価値がある,0
1121,deserve,～に値する,0
1122,directly,直接に,0
1123,president,大統領,0
1124,situation,立場，状況,0
1125,delicate,壊れやすい，繊細な,0
1126,case,場合，実例,0
1127,substitute,代用品，代理人,0
1128,movement,動き，運動（団体）,0
1129,mobile,動きやすい，移動式の,0
1130,incentive,刺激,0
1131,occur,起こる,0
1132,strike,～にぶつかる,0
1133,pattern,様式，模様,0
1134,model,模型，モデル,0
1135,unknown,未知の,0
1136,contrary,反対の,0
1137,intimate,親しい，詳しい,0
1138,channel,経路，チャンネル,0
1139,trap,～をわなでとらえる，わな,0
1140,beneath,～の下に,0
1141,construction,建設，構造,0
1142,manufacture,～を製造する,0
1143,architecture,建築（学）,0
1144,throughout,通して，至るところに,0
1145,rescue,救助，救済,0
1146,ton,トン，大量,0
1147,twist,～を寄り合わせる，ねじれ,0
1148,steel,鋼鉄,0
1149,crush,～を押しつぶす，つぶれる,0
1150,defeat,敗北（させる），失敗（させる）,0
1151,overcome,～を克服する,0
1152,conquer,～を征服する,0
1153,yield,～を産出する,0
1154,surrender,降伏する,0
1155,overwhelm,～を圧倒する,0
1156,crash,衝突〔堕落〕する,0
1157,stranger,知らない人,0
1158,sex,性（別）,0
1159,gender,（社会的・文化的）性（差）,0
1160,differently,異なって,0
1161,otherwise,そうでなければ,0
1162,shortly,間もなく，手短に,0
1163,shrink,縮む，しりごみする,0
1164,famine,飢饉,0
1165,undergo,（検査など）～を受ける,0
1166,surgery,外科，手術,0
1167,lower,～を下げる,0
1168,upper,上の,0
1169,pressure,圧力，切迫,0
1170,depress,～を落胆させる,0
1171,recession,（一時的な）不況,0
1172,suppress,～を鎮圧する,0
1173,anxiety,心配（の種）,0
1174,hide,～を隠す，隠れる,0
1175,bury,（死者や物）を埋める,0
1176,ignore,～を無視する,0
1177,remind,（人）に思い出させる,0
1178,request,依頼，～を要請する,0
1179,appeal,懇願する，興味をひく,0
1180,crowd,群衆，群がる,0
1181,tense,緊張した,0
1182,elevator,エレベーター,0
1183,shoulder,肩,0
1184,complaint,不平,0
1185,nowhere,どこにも～ない,0
1186,somewhere,どこかで〔へ〕,0
1187,elsewhere,どこか他のところに,0
1188,jam,～を詰め込む，ジャム,0
1189,cram,～をぎっしり詰める,0
1190,subway,地下鉄,0
1191,anthropologist,人類学者,0
1192,pack,～を包む，～を詰める,0
1193,public,公共の,0
1194,avoid,～を避ける,0
1195,escape,逃げる,0
1196,flee,逃げる,0
1197,confront,～に立ちはだかる,0
1198,emotionally,感情的に,0
1199,enthusiasm,熱中，熱意,0
1200,passion,情熱，熱中,0
1201,obtain,～を入手する,0
1202,acquire,～を習得する,0
1203,kick,蹴る,0
1204,helpful,助けになる，役に立つ,0
1205,youth,青年時代,0
1206,shoot,撃つ,0
1207,adventure,冒険,0
1208,venture,冒険（的事業）,0
1209,expedition,遠征,0
1210,according,一致して,0
1211,survey,調査（する）,0
1212,board,板，～に搭乗する,0
1213,broadcast,放送（する）,0
1214,electronic,電子（工学）の,0
1215,automatic,自動の，無意識的な,0
1216,note,～に注意する，メモ,0
1217,professor,教授,0
1218,age,年齢，時代,0
1219,era,（政治・歴史上重要な）時代,0
1220,interest,興味,0
1221,cooperation,協力,0
1222,joint,関節，～を接合する,0
1223,generate,～を生み出す,0
1224,billion,10億,0
1225,indication,兆候，指示,0
1226,emerge,現れる，明らかになる,0
1227,design,～を設計する，デザイン,0
1228,engage,～を従事させる，～を婚約させる,0
1229,frontier,国境,0
1230,border,境界，国境,0
1231,boundary,境界（線）,0
1232,transfer,～を転勤させる，～を移動させる,0
1233,transplant,～を移植する,0
1234,fascinate,～を魅了する,0
1235,innovative,革新的な,0
1236,colleague,同僚,0
1237,fellow,やつ,0
1238,enemy,敵（軍）,0
1239,conclude,～と結論づける，～を終える,0
1240,dedicate,～をささげる,0
1241,information,情報,0
1242,warn,～に警告する,0
1243,grade,程度，成績,0
1244,graduate,卒業する,0
1245,undergraduate,大学生,0
1246,paragraph,段落,0
1247,comprehend,～を理解する,0
1248,absorb,～を吸収する,0
1249,grasp,～をつかむ,0
1250,material,原料，物質,0
1251,discourage,～を妨害する，～を落胆させる,0
1252,disappoint,～を失望させる,0
1253,appoint,～を指名する,0
1254,foundation,土台，基礎,0
1255,establish,～を設立する,0
1256,facility,施設，機能,0
1257,chore,日常の雑事，退屈な仕事,0
1258,lifetime,一生,0
1259,visual,視覚の，目に見える,0
1260,visible,（目に）見える,0
1261,vision,未来像，空想,0
1262,insight,洞察（力），見識,0
1263,sight,視力，見ること,0
1264,image,印象，像,0
1265,fancy,高価な，装飾的な,0
1266,prior,前の，優先的な,0
1267,former,前者,0
1268,latter,後者,0
1269,enhance,～を高める，～をよりよくする,0
1270,focus,～の焦点を合わせる,0
1271,distinguish,区別する,0
1272,contrast,対照，相違,0
1273,track,～を追う，小道,0
1274,trail,小道，～を追跡する,0
1275,overall,全面〔般〕的な,0
1276,trouble,困ること，問題,0
1277,bother,悩む〔ます〕,0
1278,phrase,句，言い回し,0
1279,proverb,ことわざ,0
1280,usage,語法，使用（法）,0
1281,ahead,前方へ〔に〕,0
1282,fundamental,基本的な,0
1283,radical,根本的な，急進的な,0
1284,finance,財政（学）,0
1285,virtually,ほとんど,0
1286,engineering,工学（技術）,0
1287,mechanic,機械工,0
1288,machinery,機械（装置）,0
1289,web,ウェブ,0
1290,network,ネットワーク,0
1291,operate,～を操作する,0
1292,satisfy,～を満足させる,0
1293,fill,～を満たす,0
1294,occupy,～を占める,0
1295,requirement,要求（物）,0
1296,enjoyment,楽しみ,0
1297,joy,喜び,0
1298,pleasure,楽しみ,0
1299,delight,大きな喜び,0
1300,pleasant,心地よい,0
1301,latest,最新の,0
1302,advance,前進，進歩する〔させる〕,0
1303,proceed,進む，続ける,0
1304,sophisticated,洗練された,0
1305,publish,～を出版する,0
1306,journal,（定期刊行）雑誌,0
1307,translation,翻訳（書），移行,0
1308,interpret,～を解釈する，～を通訳する,0
1309,accuracy,正確さ,0
1310,random,無作為の,0
1311,keen,熱心な，鋭い,0
1312,crazy,正気でない,0
1313,intense,強烈な,0
1314,affair,事態，用事，事件,0
1315,deliver,～を配達する,0
1316,distribute,～を分配する,0
1317,literature,文学,0
1318,literacy,読み書きの能力,0
1319,literal,文字通りの,0
1320,post,郵便（制度），地位,0
1321,block,かたまり,0
1322,digital,デジタル（式）の,0
1323,display,展示（品）,0
1324,exhibit,～を展示する,0
1325,freeze,凍る〔らせる〕,0
1326,flash,閃光，ひらめき,0
1327,imply,～を意味〔暗示〕する,0
1328,inevitably,必然的に,0
1329,intellectual,知的な，知識人,0
1330,brilliant,優れた,0
1331,intelligent,知能の高い,0
1332,sharp,（刃物が）よく切れる,0
1333,smart,頭の良い,0
1334,wise,賢い,0
1335,clever,利口な,0
1336,urge,衝動，～を主張する,0
1337,impulse,衝動,0
1338,pronounce,～を発音する，～を宣言する,0
1339,accent,なまり，アクセント,0
1340,dialect,方言,0
1341,grammar,文法,0
1342,talent,才能（ある人々）,0
1343,faculty,能力，学部,0
1344,genius,天才,0
1345,eager,熱望して,0
1346,imitate,～をまねる,0
1347,stare,じっと見る,0
1348,glance,ちらりと見る,0
1349,gaze,見つめる,0
1350,float,浮く，漂う,0
1351,sink,沈む,0
1352,drift,漂う,0
1353,scratch,ひっかく,0
1354,tap,軽くたたく,0
1355,nod,うなずく,0
1356,yawn,あくび（をする）,0
1357,expert,熟練者，専門家,0
1358,ratio,比率,0
1359,proportion,割合,0
1360,virus,ウイルス,0
1361,infect,～に感染〔伝染〕する,0
1362,rest,休み，残り,0
1363,entirely,まったく,0
1364,absolute,完全な,0
1365,mirror,鏡,0
1366,lifestyle,ライフスタイル，生活様式,0
1367,switch,変える，スイッチ,0
1368,guy,やつ，男,0
1369,rhythm,リズム,0
1370,essay,エッセー,0
1371,file,ファイル，記録,0
1372,tackle,～に取り組む，タックル,0
1373,boom,にわか景気,0
1374,wonder,不思議，～かしらと思う,0
1375,miracle,奇跡,0
1376,wander,歩き回る，ぶらつく,0
1377,distant,遠い,0
1378,remote,遠く離れた,0
1379,root,根,0
1380,middle,中央（の）,0
1381,vast,膨大な,0
1382,travel,旅行（する）,0
1383,journey,旅行,0
1384,tour,（観光）旅行（をする）,0
1385,voyage,航海,0
1386,migration,移住,0
1387,immigration,移住,0
1388,mile,マイル,0
1389,road,道路,0
1390,route,道（筋）,0
1391,highway,幹線道路,0
1392,avenue,街路,0
1393,path,小道,0
1394,railroad,鉄道（線路）,0
1395,railway,鉄道,0
1396,reach,～に着く,0
1397,weight,重量,0
1398,measure,対策，基準,0
1399,greenhouse,温室,0
1400,gas,気体，ガス,0
1401,pump,～をくみ上げる，ポンプ,0
1402,atmosphere,雰囲気，大気,0
1403,hemisphere,（地球の）半球,0
1404,mood,雰囲気，気分,0
1405,tone,音（色），口調,0
1406,fuel,燃料,0
1407,acid,酸性の,0
1408,carbon,炭素,0
1409,emission,放出（量）,0
1410,tropical,熱帯の,0
1411,rainforest,（熱帯）雨林,0
1412,trash,（主に乾いた）ゴミ,0
1413,garbage,（主に台所から出る）ゴミ,0
1414,north,北（の）,0
1415,south,南（の）,0
1416,east,東（の）,0
1417,west,西（の）,0
1418,illustrate,～を説明する，～に挿絵を入れる,0
1419,protest,～に抗議する，主張する,0
1420,inspire,～を鼓舞する,0
1421,panic,大混乱，～をうろたえさせる,0
1422,per,～につき,0
1423,cent,セント,0
1424,supply,供給（する）,0
1425,equipment,装備,0
1426,shelf,棚,0
1427,empty,空になる,0
1428,blank,空（の）,0
1429,estimate,～を見積もる，～を判断〔評価〕する,0
1430,assess,～を評価〔判断〕する,0
1431,judge,～を判断する，～を裁く,0
1432,account,説明する，口座,0
1433,trade,貿易，取引する,0
1434,exchange,～を交換する,0
1435,merchant,商人，商業の,0
1436,population,人口,0
1437,impact,影響，衝撃,0
1438,climate,気候,0
1439,import,～を輸入する,0
1440,export,～を輸出する,0
1441,port,港（町）,0
1442,transport,～を輸送する，輸送機関,0
1443,vehicle,乗り物,0
1444,crop,作物,0
1445,grain,穀物,0
1446,harvest,収穫（物・期）,0
1447,calorie,カロリー,0
1448,rope,なわ,0
1449,wire,針金,0
1450,chain,鎖,0
1451,edge,端，ふち,0
1452,concrete,コンクリート，具体的な,0
1453,iron,鉄,0
1454,coal,石炭,0
1455,clay,粘土,0
1456,string,ひも，糸,0
1457,plastic,プラスチック（の）,0
1458,furniture,家具,0
1459,refrigerator,冷蔵庫,0
1460,respect,～を尊敬する,0
1461,admire,～を賞賛する,0
1462,praise,～を賞賛する,0
1463,discuss,～について討議する,0
1464,conversation,会話,0
1465,panel,委員会，パネル,0
1466,studio,スタジオ,0
1467,settle,定住する，～を解決する,0
1468,fix,～を修理する,0
1469,repair,～を修理する,0
1470,animation,アニメ（製作）,0
1471,refuse,～を拒絶する,0
1472,deny,～を否定する,0
1473,contradiction,矛盾，否定,0
1474,beast,動物，獣,0
1475,beauty,美しさ,0
1476,invite,～を招待する,0
1477,burst,破裂（する）,0
1478,explode,爆発する，急増する,0
1479,crack,割れ目，割れる,0
1480,shout,叫ぶ,0
1481,scream,金切り声を出す,0
1482,exclaim,（突然）叫ぶ,0
1483,whisper,ささやく,0
1484,replace,～に取って代わる,0
1485,force,Aに無理やり～させる，力,0
1486,impose,～を課す，～を押し付ける,0
1487,army,軍隊,0
1488,soldier,軍人,0
1489,draw,線〔絵〕を描く，ゆっくりと移動する,0
1490,portray,（人物・風景など）を描く,0
1491,drag,～を引きずる,0
1492,recent,最近の,0
1493,interview,面接（する）,0
1494,recall,～を思い出す，～を呼び戻す,0
1495,hesitate,ためらう,0
1496,dislike,～を嫌う,0
1497,hate,～を憎む,0
1498,concentrate,集中〔専念〕する,0
1499,meditation,瞑想，熟考,0
1500,abandon,～を（見）捨てる,0
1501,quit,～をやめる,0
1502,desert,～を（見）捨てる,0
1503,classic,傑作，古典（の）,0
1504,classify,～を分類する,0
1505,rank,階級，地位,0
1506,status,地位，状態,0
1507,ladder,はしご,0
1508,decision,決定，決心,0
1509,resolve,～を解決する,0
1510,film,映画,0
1511,return,～を戻す,0
1512,glory,栄光,0
1513,pride,誇り，自尊心,0
1514,shame,恥,0
1515,pity,哀れみ，残念なこと,0
1516,feed,～に食べ物を与える,0
1517,theme,主題,0
1518,division,分割，分配,0
1519,category,範疇，部類,0
1520,section,部分，区分,0
1521,profit,利益,0
1522,reputation,名声，評判,0
1523,fame,名声,0
1524,cancer,がん,0
1525,struggle,闘争，苦闘する,0
1526,strive,努力する,0
1527,effort,努力,0
1528,condition,状況，状態,0
1529,context,背景,0
1530,temporary,一時的な,0
1531,extremely,非常に,0
1532,excessive,過度の,0
1533,via,～を経由して,0
1534,chat,おしゃべりする,0
1535,online,オンラインの〔で〕,0
1536,sorrow,悲しみ,0
1537,regret,後悔（する）,0
1538,apologize,謝る,0
1539,gift,贈り物，才能,0
1540,funeral,葬式,0
1541,air,空気,0
1542,bill,請求書,0
1543,address,住所，演説（する）,0
1544,row,列，（船を）こぐ,0
1545,provide,～を提供する,0
1546,prompt,～を刺激する,0
1547,participate,参加する,0
1548,locate,～を探し出す,0
1549,meet,～に会う，（要求・条件）を満たす,0
1550,exist,存在する,0
1551,prevail,普及する，打ち勝つ,0
1552,confess,白状する，認める,0
1553,site,敷地，（ウェブ）サイト,0
1554,neighbor,近所の人,0
1555,district,地域，地区,0
1556,province,（カナダなどの）州，地方,0
1557,prefecture,都道府県,0
1558,realm,領域，分野,0
1559,territory,領土,0
1560,whenever,～する時はいつも,0
1561,remain,依然～のままである,0
1562,archaeologist,考古学者,0
1563,unwilling,～する気がない，不本意な,0
1564,reluctant,気の進まない,0
1565,admit,認める,0
1566,fault,責任，欠点,0
1567,error,（基準から外れた）誤り,0
1568,mistake,（判断上の）誤り,0
1569,character,特徴，性格,0
1570,attribute,を（～に）帰する,0
1571,hardly,ほとんど～ない,0
1572,barely,かろうじて（～する）,0
1573,cheat,～をだます，カンニングをする,0
1574,sympathy,同情，共感,0
1575,advantage,有利（な点）,0
1576,merit,長所，価値,0
1577,virtue,美徳,0
1578,privilege,特権（階級）,0
1579,crime,犯罪,0
1580,court,法廷，裁判所,0
1581,pursuit,追跡，追求,0
1582,chase,追う,0
1583,entertainment,娯楽,0
1584,amusement,楽しみ,0
1585,attraction,魅力,0
1586,sufficient,十分な,0
1587,adequate,十分な,0
1588,modest,謙虚な,0
1589,subject,主題，科目,0
1590,text,本文,0
1591,manuscript,原稿,0
1592,source,源,0
1593,resource,資源，財源,0
1594,capital,首都，資本（金）,0
1595,quality,質，特性,0
1596,entitle,～に資格〔権利〕を与える,0
1597,sheet,シーツ，1枚の紙,0
1598,desire,～を望む，欲望,0
1599,ambition,熱望，野心,0
1600,appetite,食欲，欲求,0
1601,hunger,飢え,0
1602,economical,経済的な,0
1603,luxury,ぜいたく（品）,0
1604,goods,商品,0
1605,commodity,商品,0
1606,convey,～を伝える，～を運ぶ,0
1607,shift,～を変える,0
1608,transmit,～を送る,0
1609,transition,移り変わり,0
1610,novel,小説，斬新な,0
1611,poem,詩,0
1612,poet,詩人,0
1613,bible,聖書,0
1614,incredible,信じられない,0
1615,grant,～を与える,0
1616,evolution,進化（論）,0
1617,craft,工芸,0
1618,print,～を印刷する,0
1619,available,手に入る，利用できる,0
1620,author,著者,0
1621,authority,権威，権限,0
1622,council,議会,0
1623,tool,道具,0
1624,implement,道具，～を実行する,0
1625,instrument,器具，楽器,0
1626,permanent,永久の,0
1627,leisure,余暇,0
1628,recreation,レクリエーション,0
1629,hobby,趣味,0
1630,electric,電気の,0
1631,apart,離れて,0
1632,flat,平らな，アパート,0
1633,aside,わきに,0
1634,prison,刑務所,0
1635,steal,～を盗む,0
1636,deprive,～から奪う,0
1637,rob,～から奪いとる,0
1638,murder,殺人,0
1639,trial,裁判，試み,0
1640,justice,正義,0
1641,bully,いじめっ子,0
1642,thief,泥棒,0
1643,whatever,～することは何でも,0
1644,wherever,～するところはどこでも,0
1645,safety,安全,0
1646,secure,安全な，しっかりした,0
1647,danger,危険,0
1648,endangered,絶滅の危機に瀕した,0
1649,threat,脅威,0
1650,farming,農業,0
1651,peasant,小作農,0
1652,soil,土（壌）,0
1653,mud,泥,0
1654,probably,おそらく,0
1655,style,様式,0
1656,agricultural,農業の,0
1657,license,～を認可する，免許（証）,0
1658,present,出席して，現在の，贈り物,0
1659,absence,不在,0
1660,drama,ドラマ,0
1661,comedy,喜劇,0
1662,tragedy,悲劇,0
1663,heaven,天国,0
1664,wrap,～を包む,0
1665,fold,～を折りたたむ,0
1666,cosmetic,化粧（用）の,0
1667,quantity,量,0
1668,volume,容積，音量,0
1669,cost,費用，～がかかる,0
1670,charge,～を請求する,0
1671,pollution,汚染,0
1672,agree,～であることに同意する,0
1673,contract,契約（書）,0
1674,approve,賛成〔同意〕する,0
1675,promise,約束する,0
1676,compromise,妥協（する）,0
1677,price,値段,0
1678,pay,代金を支払う,0
1679,fee,料金,0
1680,salary,給料,0
1681,wage,賃金,0
1682,fare,運賃,0
1683,owe,～に借金がある,0
1684,grocery,日用雑貨，食料品店,0
1685,prevent,～を妨げる,0
1686,reverse,～を逆にする,0
1687,nutrition,栄養（物・摂取）,0
1688,specialize,専門とする,0
1689,alternative,代わり，別の,0
1690,modify,～を修正する,0
1691,convert,～を変える,0
1692,transform,～を変化させる,0
1693,melt,溶ける,0
1694,view,見解，眺め,0
1695,perspective,観点,0
1696,landscape,風景（画）,0
1697,scene,場面，光景,0
1698,bit,少し,0
1699,tiny,とても小さい,0
1700,somewhat,いくぶん,0
1701,fairly,かなり,0
1702,diet,食事，ダイエット,0
1703,parliament,議会,0
1704,conduct,～を行う，～を指揮する,0
1705,identify,～の身元を確認する,0
1706,component,（講成）要素,0
1707,content,内容,0
1708,ingredient,（料理などの）材料,0
1709,roof,屋根,0
1710,lock,錠（をかける）,0
1711,theater,劇場，映画館,0
1712,kindergarten,幼稚園,0
1713,pub,居酒屋,0
1714,smoke,煙，喫煙（する）,0
1715,cigarette,（紙）巻きタバコ,0
1716,shadow,影,0
1717,shade,（物）陰,0
1718,wheat,小麦,0
1719,protein,たんぱく質,0
1720,recipe,調理法,0
1721,raw,生の,0
1722,justify,～を正当化する,0
1723,warmth,温かさ,0
1724,depth,深さ,0
1725,profound,（影響が）重大な,0
1726,shallow,浅い,0
1727,tremendous,ものすごい,0
1728,clinical,臨床の,0
1729,extract,抜粋，～を抽出する,0
1730,withdraw,～を引っ込める,0
1731,retire,退職〔引退〕する,0
1732,retreat,後退する,0
1733,significant,重要な，かなりの,0
1734,represent,～を表す,0
1735,agent,代行業者,0
1736,introduce,～を紹介する，～を導入する,0
1737,contain,～を含む,0
1738,accommodate,～を収容する,0
1739,private,個人の,0
1740,secret,秘密（の）,0
1741,plot,筋,0
1742,therapy,治療,0
1743,household,家（事）の,0
1744,lung,肺,0
1745,detect,～を見抜く,0
1746,examine,～を調べる,0
1747,check,～を調べる,0
1748,analyze,～を分析する,0
1749,review,～を見直す,0
1750,column,円柱，コラム,0
1751,trace,（形）跡，～を追跡する,0
1752,confirm,～を確かめる,0
1753,firm,固い,0
1754,damage,損害,0
1755,wound,～を傷つける,0
1756,executive,執行権のある，行政の,0
1757,facial,顔の,0
1758,tougue,舌，言語,0
1759,stomach,胃，腹（部）,0
1760,thumb,親指,0
1761,knee,ひざ,0
1762,deaf,耳が聞こえない,0
1763,waste,廃棄物，浪費する,0
1764,abuse,～を乱用する,0
1765,insult,～を侮辱する,0
1766,stage,段階,0
1767,reward,報酬，褒美,0
1768,award,～を授与する,0
1769,punish,～を罰する,0
1770,penalty,罰（金）,0
1771,capture,～を捕らえる,0
1772,grab,～をつかむ,0
1773,seize,～をつかむ,0
1774,arrest,～を逮捕する,0
1775,correct,正しい，～を訂正する,0
1776,editor,編集者,0
1777,persist,固執する,0
1778,moreover,さらに,0
1779,average,平均,0
1780,maximum,最大限（の）,0
1781,minimum,最小限（の）,0
1782,reserve,蓄え，遠慮,0
1783,stock,蓄え,0
1784,store,～を蓄える,0
1785,last,続く，最後の,0
1786,technology,科学技術,0
1787,global,世界的な,0
1788,cheap,安い,0
1789,ground,地面,0
1790,underground,地下の，地下鉄,0
1791,compel,Aに～することを強いる,0
1792,obligation,義務，恩義,0
1793,fossil,化石（の）,0
1794,prepare,準備をする,0
1795,arrange,～の手はずを整える,0
1796,negotiate,交渉する,0
1797,invest,投資する,0
1798,solar,太陽の,0
1799,nuclear,核（兵器）の,0
1800,radiation,放射（線）,0
1801,wind,風,0
1802,essentially,本質的に,0
1803,crucial,決定的な,0
1804,vital,不可欠な,0
1805,hydrogen,水素,0
1806,battery,電池,0
1807,abundant,豊富な,0
1808,element,要素，元素,0
1809,universe,宇宙，全世界,0
1810,atom,原子,0
1811,molecule,分子,0
1812,steam,蒸気,0
1813,crystal,結晶（の）,0
1814,cycle,周期，循環,0
1815,hybrid,交配種,0
1816,neglect,怠慢，～を怠る,0
1817,link,関連（性）,0
1818,connect,～をつなぐ,0
1819,attach,～を（貼り）つける，～に愛着を感じさせる,0
1820,hang,～をつるす,0
1821,brief,短時間の，簡潔な,0
1822,heal,（傷などが）治る,0
1823,recover,回復する,0
1824,rarely,めったに～しない,0
1825,scarce,不足して,0
1826,seldom,めったに～（し）ない,0
1827,desperate,絶望的な，（欲しくて）たまらない,0
1828,outcome,結果,0
1829,outline,概略，輪郭,0
1830,output,生産高,0
1831,faith,信頼，確信,0
1832,trust,信頼,0
1833,confidence,自信，信頼,0
1834,convinction,信念，自信,0
1835,shy,内気な,0
1836,potential,可能性のある，潜在的な,0
1837,strength,強さ,0
1838,reinforce,～を強化する,0
1839,elderly,年配の,0
1840,senior,年上の,0
1841,community,地域社会,0
1842,local,ある地方（特有）の,0
1843,colony,植民地,0
1844,epidemic,流行,0
1845,altogether,完全に，まったく,0
1846,cast,～を投げ（かけ）る,0
1847,shed,（光など）を当てる,0
1848,cross,横切る,0
1849,tip,先（端）,0
1850,bound,限界，はずむ,0
1851,tear,～を裂く,0
1852,resort,（ある手段に）訴える,0
1853,bow,弓,0
1854,spell,（語）をつづる,0
1855,log,丸太，記録する,0
1856,declare,～を宣言する,0
1857,announce,～を発表する,0
1858,planet,惑星,0
1859,bat,コウモリ，バット,0
1860,bee,ミツバチ,0
1861,ceiling,天井，上限,0
1862,seed,種,0
1863,flight,飛行,0
1864,laboratory,研究室,0
1865,institute,研究所,0
1866,constitute,～を構成する,0
1867,spot,点，場所,0
1868,precisely,正確に,0
1869,neat,きちんとした,0
1870,military,軍隊〔軍人〕の,0
1871,device,装置，工夫,0
1872,earthquake,地震,0
1873,zone,地帯,0
1874,mine,鉱山,0
1875,manipulate,～を操る,0
1876,frame,枠,0
1877,trigger,～を誘発する，引き金,0
1878,dozen,ダースの,0
1879,load,～を積む,0
1880,pile,積み重ね,0
1881,burden,重荷,0
1882,permit,～を許す,0
1883,excellent,非常に優れた,0
1884,noble,気高い，貴族の,0
1885,lord,貴族,0
1886,prominent,卓越した，目立った,0
1887,system,組織，体系,0
1888,democracy,民主主義（国）,0
1889,devote,～をささげる,0
1890,loyalty,忠誠,0
1891,contribute,貢献する,0
1892,boil,～を沸騰させる,0
1893,command,指揮（権），指揮〔命令〕する,0
1894,budget,予算，経費,0
1895,debt,借金,0
1896,loan,ローン，借金,0
1897,tax,税（金）,0
1898,weapon,武器,0
1899,gun,拳銃,0
1900,bomb,爆弾,0
1901,terrorism,テロリズム,0
1902,awful,恐ろしい，ひどい,0
1903,badly,まずく，ひどく,0
1904,geographical,地理的な,0
1905,circle,円,0
1906,somebody,誰か,0
1907,nobody,誰も～ない,0
1908,none,誰も～ない,0
1909,anyway,とにかく,0
1910,anymore,もはや（～できない）,0
