1,follow,～に続く,0
2,consider,～を考慮する,0
3,increase,増える,0
4,expect,～を予期する,0
5,decide,～することを決意する,0
6,develop,発達する,0
7,provide,～を供給する,0
8,continue,続く,0
9,include,～を含む,0
10,remain,(ある状態の)ままでいる,0
11,reach,～に着く,0
12,allow,～を許可する,0
13,force,～を強制する,0
14,offer,～を申し出る,0
15,realize,～を悟る,0
16,require,～を必要とする,0
17,suggest,～と提案する,0
18,worry,心配する,0
19,wonder,～かと疑問に思う,0
20,cost,(費用)を要する,0
21,tend,Vする傾向がある,0
22,depend,Aに依存する,0
23,share,～を分け合う,0
24,demand,～を要求する,0
25,support,～を支持する,0
26,hire,～を雇う,0
27,regard,AをBだと思う,0
28,base,AがBに基づいている,0
29,improve,～を向上させる,0
30,recognize,～を認める,0
31,notice,～に気づく,0
32,suppose,～だと思う,0
33,raise,～を上げる,0
34,prefer,～をより好む,0
35,enter,(場所・学校)に入る,0
36,suffer,(苦痛・損害など)を経験する、受ける,0
37,describe,～を描写する,0
38,prevent,～をさまたげる,0
39,reduce,～を減らす,0
40,mistake,～を誤解する,0
41,prepare,(～の)準備をする,0
42,encourage,(人を)はげます,0
43,prove,～だとわかる,0
44,join,～に参加する,0
45,treat,～をあつかう,0
46,establish,～を確立する,0
47,relate,関係がある,0
48,compare,～を比較する,0
49,spread,～を広げる,0
50,refer,Aを指示する,0
51,supply,～を供給する,0
52,gain,～を得る,0
53,destroy,～を破壊する,0
54,apply,あてはまる,0
55,seek,～を求める,0
56,search,Aを捜す,0
57,claim,～と主張する,0
58,draw,～を引っ張る,0
59,introduce,～を紹介する,0
60,refuse,(申し出など)を断る,0
61,mention,～について述べる,0
62,judge,～を判断する,0
63,approach,(～に)接近する,0
64,admit,(自分に不利・不快なこと)を認める,0
65,reflect,～を反映する,0
66,perform,～を行う,0
67,bore,(人)をうんざりさせる,0
68,survive,生き残る,0
69,represent,～を表す,0
70,argue,～と主張する,0
71,grant,～を認める,0
72,indicate,～を指し示す,0
73,belong,所属している,0
74,acquire,(技術・言語など)を習得する,0
75,reply,返事をする,0
76,feed,～にエサをやる,0
77,escape,逃げる,0
78,replace,～に取って代わる,0
79,reveal,～を明らかにする,0
80,surround,～を取り囲む,0
81,suit,～に合う,0
82,estimate,(数量)を推定する,0
83,aim,Aをねらう,0
84,earn,(金)をもうける,0
85,decline,衰退する,0
86,afford,～をする(待つ)余裕がある,0
87,confuse,(人)を当惑させる,0
88,graduate,Aを卒業する,0
89,vary,変わる,0
90,remove,～を移す,0
91,insist,～と(強く)主張する,0
92,examine,～を調査する,0
93,remind,AにBのことを思い出させる,0
94,contribute,Aに貢献する,0
95,warn,(人)に警告する,0
96,connect,～をつなぐ,0
97,match,～に匹敵する,0
98,focus,焦点を合わせる,0
99,reject,(提案など)を断る,0
100,convince,(人)を納得させる,0
101,associate,AをBに関連づける,0
102,rush,急いでいく,0
103,stress,～を強調する,0
104,attract,(人・注意)を引き付ける,0
105,rely,Aに頼る,0
106,respond,Aに返答する,0
107,threaten,～を脅迫する,0
108,adopt,(理論・技術など)を採用する,0
109,shake,～を振る,0
110,hurt,～を傷つける,0
111,operate,(機械などが)作動する,0
112,extend,～を広げる,0
113,blame,～を非難する,0
114,consist,Aで構成されている,0
115,persuade,～を説得する,0
116,admire,～に感心する,0
117,disappoint,～を失望させる,0
118,expand,(～を)拡大する,0
119,preserve,～を保護する,0
120,struggle,苦闘する,0
121,arrange,(会合など)の手はずを整える,0
122,disturb,(人・仕事など)を妨げる,0
123,employ,～を雇う,0
124,engage,A(活動・仕事など)に従事する,0
125,abandon,～を捨てる,0
126,display,～を展示する,0
127,encounter,～に偶然出会う,0
128,exhaust,(人)を疲れ果てさせる,0
129,bother,(人)を悩ませる,0
130,concentrate,集中する,0
131,adapt,～を適応させる,0
132,puzzle,～を当惑させる,0
133,appeal,A(理性・感情など)に訴える,0
134,combine,～を結合させる,0
135,delay,～を遅らせる,0
136,repair,～を修理する,0
137,fascinate,(人)を魅惑する,0
138,devote,～をささげる,0
139,import,～を輸入する,0
140,remark,(～と)述べる,0
141,reserve,～を予約する,0
142,amaze,～を驚嘆させる,0
143,frighten,(人)をおびえさせる,0
144,release,～を解放する,0
145,rent,(家・車など)を賃借りする,0
146,recover,A(病気など）から回復する,0
147,suspect,～ではないかと思う,0
148,deliver,～を配達する,0
149,identify,～の正体をつきとめる,0
150,locate,(Aに)位置する,0
151,manufacture,～を製造する,0
152,occupy,(場所・地位など)を占める,0
153,own,～を所有している,0
154,expose,AをBにさらす,0
155,conclude,～と結論づける,0
156,cure,～を治療する,0
157,perceive,～を知覚する,0
158,ban,(公式に)～を禁止する,0
159,alarm,～をぎょっとさせる,0
160,derive,由来する,0
161,neglect,～を無視する,0
162,adjust,(環境に)慣れる,0
163,shift,～を変える,0
164,embarrass,～を困惑させる,0
165,approve,～を承認する,0
166,commit,(罪など)を犯す,0
167,stretch,～を広げる,0
168,participate,Aに参加する,0
169,impose,AをBに課す,0
170,owe,AのことはBのおかげだ,0
171,celebrate,(特定の日・できごと)を祝う,0
172,emerge,(隠れていたものが)現れる,0
173,urge,～に強く迫る,0
174,seat,座っている,0
175,injure,～を傷つける,0
176,imply,～を(暗に）意味する,0
177,explain,～を説明する,0
178,accept,～を受け入れる,0
179,produce,～を生産する,0
180,exist,存在する,0
181,occur,起こる,0
182,express,～を表現する,0
183,add,～を加える,0
184,avoid,～を避ける,0
185,marry,～と結婚する,0
186,protect,～を守る,0
187,affect,～に影響する,0
188,determine,～を決定する,0
189,solve,～を解決する,0
190,contain,入っている,0
191,discuss,～を議論する,0
192,ignore,～を無視する,0
193,guess,～を推測する,0
194,exchange,交換する,0
195,satisfy,～を満たす,0
196,complain,苦情を言う,0
197,achieve,～を達成する,0
198,enable,～を可能にする,0
199,intend,つもりだ,0
200,obtain,～を得る,0
201,divide,分割する,0
202,distinguish,～を見分ける,0
203,differ,異なる,0
204,educate,～を教育する,0
205,borrow,～を借りる,0
206,invent,～を発明する,0
207,promote,～を促進する,0
208,advise,～に忠告する,0
209,arise,生じる,0
210,permit,～を許す,0
211,recommend,～を勧める,0
212,define,定義する,0
213,inform,～に知らせる,0
214,oppose,～に反対する,0
215,trust,～を信用する,0
216,select,～を選ぶ,0
217,praise,～をほめる,0
218,handle,～に対処する,0
219,propose,～を提案する,0
220,breathe,～を呼吸する,0
221,criticize,～を非難する,0
222,overcome,～に打ち勝つ,0
223,possess,～を持っている,0
224,predict,～を予言する,0
225,publish,～を出版する,0
226,purchase,～を買う,0
227,recall,～を思い出す,0
228,explore,～を探検する,0
229,stare,じっと見る,0
230,absorb,～を吸収する,0
231,resemble,～に似ている,0
232,tear,～を引き裂く,0
233,consume,～を消費する,0
234,compete,競争する,0
235,quit,～をやめる,0
236,announce,～を発表する,0
237,react,反応する,0
238,wander,歩き回る,0
239,emphasize,～を強調する,0
240,generate,～を生み出す,0
241,result,結果,0
242,experience,経験,0
243,society,社会,0
244,trouble,悩み,0
245,value,価値,0
246,effect,効果,0
247,individual,個人,0
248,influence,影響(力）,0
249,context,文脈,0
250,rate,割合,0
251,sign,印,0
252,service,公共事業,0
253,advance,前進,0
254,officer,役人,0
255,material,物質,0
256,industry,工業,0
257,attempt,試み,0
258,trade,貿易,0
259,progress,進歩,0
260,excuse,言い訳,0
261,custom,(社会的な)習慣,0
262,passage,一筋,0
263,economy,経済,0
264,range,範囲,0
265,traffic,交通(量）,0
266,official,役人,0
267,sight,見ること,0
268,taste,味,0
269,immigrant,(外国からの）移民,0
270,neighbor,近所の人,0
271,patient,患者,0
272,project,計画,0
273,favor,好意,0
274,appearance,外見,0
275,risk,危険,0
276,benefit,利益,0
277,feature,特徴,0
278,relative,親族,0
279,region,地域,0
280,characteristic,特徴,0
281,pain,苦痛,0
282,kid,子供,0
283,occation,場合,0
284,principle,原理,0
285,department,(組織の）部門,0
286,duty,義務,0
287,scene,場面,0
288,basis,基礎,0
289,spirit,精神,0
290,medium,手段,0
291,mass,(the masses)一般大衆,0
292,audience,(集合的に)聴衆,0
293,element,要素,0
294,climate,気候,0
295,revolution,革命,0
296,quarter,4分の1,0
297,conflict,(意見・利害の)対立,0
298,flood,洪水,0
299,atmosphere,大気,0
300,property,財産,0
301,reward,報酬,0
302,security,安全,0
303,delight,大喜び,0
304,desert,砂漠,0
305,background,背景,0
306,trend,傾向,0
307,grade,(小中高通じての）学年,0
308,impact,影響,0
309,institution,機関,0
310,interaction,(人と人との)交流,0
311,alternative,代わりのもの,0
312,harm,害,0
313,agency,(政治的）機関,0
314,capacity,能力,0
315,minister,大臣,0
316,volunteer,ボランティア,0
317,access,利用する権利,0
318,quantity,量,0
319,branch,枝,0
320,laughter,笑い・笑い声,0
321,transport,交通機関,0
322,vote,投票,0
323,resident,住民,0
324,square,正方形,0
325,situation,状況,0
326,government,政府,0
327,knowledge,知識,0
328,nation,国,0
329,effort,努力,0
330,period,時代,0
331,population,人口,0
332,purpose,目的,0
333,behavior,行動,0
334,lack,不足,0
335,skill,技術,0
336,quality,質,0
337,environment,環境,0
338,role,役割,0
339,attitude,態度,0
340,author,著者,0
341,research,研究,0
342,opportunity,機会,0
343,source,源,0
344,disease,病,0
345,shape,形,0
346,advantage,利点,0
347,method,方法,0
348,habit,習慣,0
349,detail,細部,0
350,distance,距離,0
351,crowd,群衆,0
352,clothes,服,0
353,instance,例,0
354,desire,願望,0
355,standard,水準,0
356,technology,科学技術,0
357,generation,世代,0
358,responsibility,責任,0
359,task,仕事,0
360,experiment,実験,0
361,evidence,証拠,0
362,decade,10年,0
363,loss,損失,0
364,aspect,側面,0
365,theory,理論,0
366,statement,記述,0
367,professor,教授,0
368,function,機能,0
369,surface,表面,0
370,factor,要因,0
371,organization,組織,0
372,policy,政策,0
373,resource,資源,0
374,contrast,対比,0
375,brain,脳,0
376,customer,客,0
377,goods,商品,0
378,creature,生き物,0
379,structure,構造,0
380,tradition,伝統,0
381,weight,体重,0
382,labor,労働,0
383,citizen,市民,0
384,impression,印象,0
385,species,種,0
386,career,経歴,0
387,concept,概念,0
388,passenger,乗客,0
389,crime,罪,0
390,income,所得,0
391,temperature,気温,0
392,majority,大多数,0
393,origin,起源,0
394,literature,文学,0
395,equipment,装備,0
396,stranger,見知らぬ人,0
397,strength,強さ,0
398,planet,惑星,0
399,circumstances,状況,0
400,religion,宗教,0
401,pollution,汚染,0
402,wealth,富,0
403,civilization,文明,0
404,profit,もうけ,0
405,technique,技術,0
406,emotion,感情,0
407,phenomenon,現象,0
408,cancer,ガン,0
409,bottom,底,0
410,billion,十億,0
411,status,地位,0
412,youth,若者,0
413,confidence,自信,0
414,edge,周辺,0
415,household,家庭,0
416,scholar,学者,0
417,survey,調査,0
418,vocabulary,語彙,0
419,enemy,敵,0
420,construction,建設,0
421,lecture,講義,0
422,instruction,指示,0
423,crisis,危機,0
424,instrument,器具,0
425,crop,作物,0
426,weapon,兵器,0
427,device,装置,0
428,path,道,0
429,earthquake,地震,0
430,stream,小川,0
431,notion,概念,0
432,substance,物質,0
433,victim,犠牲者,0
434,fuel,燃料,0
435,ancestor,祖先,0
436,soil,土壌,0
437,debate,討論,0
438,violence,暴力,0
439,colleague,同僚,0
440,philosophy,哲学,0
441,analysis,分析,0
442,universe,宇宙,0
443,electricity,電気,0
444,insect,昆虫,0
445,disaster,災害,0
446,storm,嵐,0
447,plenty,十分な,0
448,agriculture,農業,0
449,gene,遺伝子,0
450,advertising,広告,0
451,carbon,炭素,0
452,infant,幼児,0
453,evolution,進化,0
454,cell,細胞,0
455,aid,援助,0
456,consequence,結果,0
457,talent,才能,0
458,common,共通の,0
459,public,公の,0
460,likely,ありそうな,0
461,serious,深刻な,0
462,particular,ある特定の,0
463,available,手に入る,0
464,local,その土地の,0
465,ready,用意が出来た,0
466,correct,正しい,0
467,familiar,よく知られた,0
468,physical,身体の、肉体の,0
469,worth,Aの価値がある,0
470,involved,Aに関係している,0
471,equal,平等な,0
472,private,個人の,0
473,obvious,明白な,0
474,native,母国の,0
475,complex,複雑な,0
476,willing,進んで(喜んで)Vする,0
477,current,最新の,0
478,male,男の,0
479,proper,適切な,0
480,capable,～する能力がある,0
481,independent,独立した,0
482,positive,積極的な,0
483,pleasant,(人にとって)楽しい,0
484,significant,重要な,0
485,former,前の,0
486,chemical,化学的な,0
487,upset,(人が)動揺している,0
488,previous,(時間・順序で)前の,0
489,global,世界的な,0
490,specific,特定の,0
491,conscious,意識している,0
492,superior,よりすぐれている,0
493,efficient,効率がいい,0
494,fundamental,基本的な,0
495,narrow,せまい,0
496,reasonable,理にかなった,0
497,nervous,神経質な,0
498,alike,似ている,0
499,domestic,家庭の,0
500,negative,否定の,0
501,moral,道徳的な,0
502,eager,熱心な,0
503,latter,後者の,0
504,evil,(道徳的に)悪い,0
505,awake,目をさまして,0
506,aged,年老いた,0
507,anxious,（未知のことを）心配して,0
508,thin,薄い,0
509,nuclear,核の,0
510,legal,合法の,0
511,curious,好奇心が強い,0
512,calm,冷静な,0
513,tough,たくましい,0
514,civil,一般市民の,0
515,actually,実は,0
516,nearly,ほとんど,0
517,therefore,それゆえに,0
518,exactly,正確に,0
519,possibly,ひょっとすると,0
520,contrary,反対に,0
521,occasionally,時々,0
522,somehow,どういうわけか,0
523,seldom,めったに･･･ない,0
524,thus,それゆえ,0
525,whereas,～だが一方,0
526,besides,～に加えて,0
527,general,一般的な,0
528,various,さまざまな,0
529,similar,似ている,0
530,complete,完全な,0
531,recent,最近の,0
532,expensive,高価な,0
533,political,政治的な,0
534,aware,気づいている,0
535,ancient,古代の,0
536,medical,医学の,0
537,essential,不可欠だ,0
538,huge,巨大な,0
539,terrible,ひどい,0
540,practical,実用的な,0
541,entire,全体の,0
542,favorite,一番好きな,0
543,comfortable,快適な,0
544,active,活動的な,0
545,typical,典型的な,0
546,ideal,理想的な,0
547,vast,広大な,0
548,appropriate,適切な,0
549,empty,空の,0
550,rapid,急速な,0
551,mental,精神の,0
552,excellent,すばらしい,0
553,convenient,都合がいい,0
554,potential,潜在的な,0
555,financial,財政的,0
556,enormous,ばく大な,0
557,rare,珍しい,0
558,complicated,複雑な,0
559,tiny,ちっちゃな,0
560,considerable,かなりの,0
561,sensitive,敏感だ,0
562,intellectual,知的,0
563,broad,広い,0
564,polite,礼儀正しい,0
565,accurate,正確な,0
566,sharp,急激な,0
567,rude,失礼な,0
568,sufficient,十分な,0
569,urban,都会の,0
570,widespread,広まっている,0
571,primitive,原始的な,0
572,permanent,永久,0
573,elderly,高齢,0
574,severe,厳しい,0
575,brief,簡潔な,0
576,slight,少しの,0
577,latest,最新の,0
578,military,軍事的,0
579,strict,厳しい,0
580,solid,固体の,0
581,stupid,ばかな,0
582,biological,生物,0
583,probably,おそらく,0
584,hardly,ほとんど～ない,0
585,immediately,すぐに,0
586,eventually,ついに,0
587,frequently,しばしば,0
588,extremely,非常に,0
589,gradually,だんだん,0
590,merely,単に,0
591,nevertheless,それにもかかわらず,0
592,moreover,その上,0
593,relatively,比較的,0
594,apparently,一見,0
595,absolutely,絶対に,0
596,largely,主に,0
597,mostly,大部分は,0
598,somewhat,多少,0
599,necessarily,必ず,0
600,despite,にもかかわらず,0
601,proceed,進む,0
602,ensure,～を確実にする,0
603,interpret,～を解釈する,0
604,cease,(cease to V)Vしなくなる,0
605,spoil,～を台無しにする,0
606,obey,～に従う,0
607,eliminate,(不要なもの)を除去する,0
608,resist,～に抵抗する,0
609,accompany,（人に）同伴する,0
610,weigh,～の重さがある,0
611,pursue,～を追求する,0
612,demonstrate,(証拠などで)～を明らかに示す,0
613,amuse,～を楽しませる,0
614,ruin,～を台無しにする,0
615,regret,～を後悔する,0
616,attach,AをBにくっつける,0
617,reverse,反対にする,0
618,restrict,～を制限する,0
619,compose,～を組み立てる,0
620,capture,～を捕らえる,0
621,substitute,～を代わりに用いる,0
622,trace,～の跡をたどる,0
623,interrupt,～を妨げる,0
624,confront,(障害などが)(人)の前に立ちふさがる,0
625,illustrate,～を（例で）示す,0
626,arrest,～を逮捕する,0
627,stimulate,～を刺激する,0
628,assure,（～を）保証する,0
629,consult,(専門家・医者など)に相談する,0
630,depress,～を憂鬱にさせる,0
631,crash,激突する,0
632,inspire,(人)を奮起させる,0
633,specialize,(specialize in A)Aを専門にする、専攻する,0
634,cultivate,(土地)を耕作する,0
635,fulfill,(約束・夢など)を果たす,0
636,transmit,～を送る,0
637,found,～を創立する,0
638,cheer,～をはげます,0
639,burst,破裂する,0
640,bow,おじぎする,0
641,dismiss,(考えなど)を無視する,0
642,breed,～を繁殖させる,0
643,prohibit,(法・団体が)～を禁じる,0
644,oblige,～に強いる,0
645,qualify,(qualify for A)Aに適任である,0
646,invest,(金）を投資する,0
647,grasp,～を理解する,0
648,collapse,崩壊する,0
649,overlook,～を見落とす,0
650,accuse,～を非難する,0
651,frustrate,(人)を欲求不満にさせる,0
652,deprive,(deprive A of B）AからBを奪う,0
653,astonish,～を驚嘆させる,0
654,register,～を登録する,0
655,correspond,一致する,0
656,cast,～を投げる,0
657,attribute,(＋A to B)AをBのせいにする,0
658,freeze,凍りつく,0
659,starve,飢える,0
660,resolve,(問題など)を解決する,0
661,embrace,(思想など)を受け入れる,0
662,exhibit,～を展示する,0
663,convert,～を転換する,0
664,scare,～をおびえさせる,0
665,constitute,～を構成する,0
666,appoint,～を任命する,0
667,sew,～をぬう,0
668,assign,(仕事・物)を割り当てる,0
669,nod,うなずく,0
670,elect,～を選挙で選ぶ,0
671,acknowledge,(事実・重要性など)を認める,0
672,rob,(rob A of B)AからBを奪う,0
673,lean,寄りかかる,0
674,undertake,(仕事など)を引き受ける,0
675,drown,おぼれ死ぬ,0
676,split,～を割る,0
677,resort,(resort to A)A(手段)に訴える,0
678,descend,下る,0
679,irritate,～をいらだたせる,0
680,pronounce,(単語など)を発音する,0
681,equip,～を装備させる,0
682,cheat,いかさまをする,0
683,decorate,～を装飾する,0
684,pardon,～を許す,0
685,heal,治す,0
686,forgive,(過ち・人)を許す,0
687,envy,～をうらやむ,0
688,chase,～を追いかける,0
689,prompt,～をうながす,0
690,withdraw,～を引っ込める,0
691,detect,～を探知する,0
692,interfere,(interfere with A)Aをじゃまする,0
693,launch,(ロケットなど)を打ち上げる,0
694,endanger,～を危険にさらす,0
695,foster,～を促進する,0
696,diminish,減少する,0
697,spill,～をこぼす,0
698,infect,(人)に感染する,0
699,stem,(stem from A)Aから生じる,0
700,tap,～を軽くたたく,0
701,bet,きっと～だと思う,0
702,declare,～を宣言する,0
703,alter,変える,0
704,retire,退職する,0
705,transform,変える,0
706,defeat,～を打ち負かす,0
707,investigate,～を調査する,0
708,pretend,ふりをする,0
709,annoy,～をいらだたせる,0
710,deserve,～に値する,0
711,bury,～を埋める,0
712,cope,対処する,0
713,pour,～を注ぐ,0
714,score,～を取る,0
715,accomplish,～をやり遂げる,0
716,hesitate,～をためらう,0
717,endure,～に耐える,0
718,translate,翻訳する,0
719,guarantee,～を保証する,0
720,dominate,～を支配する,0
721,confirm,～を裏づける,0
722,greet,～にあいさつする,0
723,entertain,楽しませる,0
724,defend,～を守る,0
725,forbid,～を禁じる,0
726,broadcast,～を放送する,0
727,sacrifice,～を犠牲にする,0
728,punish,～を罰する,0
729,glance,ちらりと見る,0
730,retain,～を保持する,0
731,calculate,～を計算する,0
732,sink,沈む,0
733,rescue,～を救助する,0
734,beg,乞う,0
735,apologize,謝る,0
736,deceive,～をだます,0
737,convey,伝える,0
738,sustain,～を維持する,0
739,float,浮かぶ,0
740,vanish,消える,0
741,fade,薄れる,0
742,regulate,～を規制する,0
743,distribute,～を分配する,0
744,enhance,向上させる,0
745,chat,おしゃべるする,0
746,exceed,～を超える,0
747,wipe,～をふく,0
748,cooperate,協力する,0
749,inherit,～を受け継ぐ,0
750,restore,～を修復する,0
751,unite,～を団結させる,0
752,leap,跳ぶ,0
753,exaggerate,～を誇張する,0
754,conquer,～を征服する,0
755,melt,溶ける,0
756,invade,～に侵入する,0
757,modify,～を修正する,0
758,scatter,～をばらまく,0
759,undergo,～を経験する,0
760,evaluate,～を評価する,0
761,bend,身をかがめる,0
762,assist,手伝う,0
763,scream,悲鳴をあげる,0
764,gaze,見つめる,0
765,rub,～をこする,0
766,polish,～を磨く,0
767,classify,分類する,0
768,assert,～と主張する,0
769,grab,～をつかむ,0
770,fold,～を折りたたむ,0
771,sweep,～を掃く,0
772,whisper,ささやく,0
773,imitate,～をまねる,0
774,proportion,比率,0
775,contract,契約,0
776,appointment,約束,0
777,treasure,財宝,0
778,stock,株(式),0
779,facility,設備,0
780,sum,金額,0
781,rank,地位,0
782,democracy,民主主義,0
783,emergency,緊急事態,0
784,protest,抗議,0
785,track,小道,0
786,vehicle,車、乗り物,0
787,routine,決まりきった仕事,0
788,stuff,(漠然と)物,0
789,row,列,0
790,wheel,車輪,0
791,dawn,夜明け,0
792,welfare,福祉,0
793,perspective,見方,0
794,enthusiasm,熱意、情熱,0
795,faith,信頼,0
796,occupation,職業,0
797,witness,証人,0
798,kingdom,王国,0
799,equivalent,同等のもの,0
800,objective,目的,0
801,pile,積み重ね,0
802,shelter,避難(所),0
803,trial,試み,0
804,honor,名誉,0
805,territory,領土,0
806,frame,わく,0
807,border,国境地帯,0
808,statistics,統計(学),0
809,enterprise,企業、事業,0
810,fee,謝礼,0
811,load,荷物,0
812,grain,穀物,0
813,review,再検討,0
814,prejudice,偏見,0
815,strain,負担,0
816,trap,わな,0
817,temper,気性,0
818,slave,奴隷,0
819,wound,傷,0
820,divorce,離婚,0
821,tune,曲,0
822,height,高さ,0
823,faculty,(大学の)学部,0
824,span,期間,0
825,dimension,側面,0
826,worship,崇拝,0
827,version,型、…版,0
828,parallel,類似(物),0
829,horizon,地平線,0
830,acquaintance,知人,0
831,burden,重荷,0
832,jam,渋滞,0
833,poison,毒,0
834,constitution,憲法,0
835,administration,経営,0
836,charm,魅力,0
837,organ,臓器,0
838,prey,獲物,0
839,venture,冒険的事業,0
840,mission,使命,0
841,inquiry,調査,0
842,award,賞,0
843,strip,細長い一片,0
844,distress,苦しみ,0
845,circulation,循環、流通,0
846,shade,陰、日陰,0
847,stereotype,典型的なイメージ,0
848,client,(弁護士などの)依頼人,0
849,output,生産高,0
850,lord,神,0
851,convention,慣習、しきたり,0
852,mine,鉱山,0
853,craft,工芸、技術,0
854,core,中心,0
855,stroke,脳卒中、発作,0
856,frontier,国境,0
857,peer,同僚,0
858,vessel,船,0
859,disability,障害,0
860,gravity,重力,0
861,ethic,倫理,0
862,terminal,(バスなどの)終点,0
863,tide,潮流、潮の干満,0
864,abuse,虐待,0
865,incident,出来事,0
866,laboratory,研究所,0
867,conference,会議,0
868,continent,大陸,0
869,insurance,保険,0
870,site,用地,0
871,poverty,貧乏,0
872,shortage,不足,0
873,affair,情勢,0
874,exception,例外,0
875,wage,賃金,0
876,wisdom,知恵,0
877,tax,税金,0
878,leisure,暇,0
879,barrier,壁,0
880,category,範ちゅう,0
881,unit,単位,0
882,reputation,評判,0
883,virtue,美徳,0
884,courage,勇気,0
885,sympathy,同情,0
886,union,組合,0
887,document,書類,0
888,volume,冊,0
889,ceremony,儀式,0
890,era,時代,0
891,dispute,紛争,0
892,campain,運動,0
893,mankind,人類,0
894,murder,殺人,0
895,landscape,風景,0
896,destination,目的地,0
897,tale,話,0
898,reform,改革,0
899,muscle,筋肉,0
900,prospect,見通し,0
901,corporation,企業,0
902,colony,植民地,0
903,quarrel,口論,0
904,profession,職業,0
905,fever,熱,0
906,pause,休止,0
907,furniture,家具,0
908,privilege,特権,0
909,prosperity,繁栄,0
910,genius,天才,0
911,seed,種,0
912,symptom,症状,0
913,merit,長所,0
914,layer,層,0
915,clue,手がかり,0
916,fiction,小説,0
917,district,地区,0
918,prison,刑務所,0
919,companion,仲間,0
920,executive,重役,0
921,justice,正義,0
922,procedure,手続き,0
923,ray,光線,0
924,heaven,天国,0
925,luxury,ぜいたく,0
926,oxygen,酸素,0
927,fund,資金,0
928,theme,主題,0
929,boundary,境界,0
930,ambition,熱望,0
931,forecast,予報,0
932,psychology,心理学,0
933,charity,慈善,0
934,committee,委員会,0
935,physician,医者,0
936,shelf,たな,0
937,affection,愛情,0
938,candidate,候補,0
939,bomb,爆弾,0
940,priority,優先,0
941,obstacle,障害,0
942,appetite,食欲,0
943,tension,緊張,0
944,tribe,部族,0
945,budget,予算,0
946,temple,神殿,0
947,sorrow,悲しみ,0
948,satellite,衛星,0
949,insight,洞察,0
950,cough,せき,0
951,fate,運命,0
952,scheme,計画,0
953,insult,侮辱,0
954,inhabitant,住民,0
955,fossil,化石,0
956,motive,動機,0
957,instinct,本能,0
958,legend,伝説,0
959,empire,帝国,0
960,suburb,郊外,0
961,architecture,建築,0
962,passion,情熱,0
963,horror,恐怖,0
964,logic,論理,0
965,dozen,ダース,0
966,harvest,収穫,0
967,ingredient,材料,0
968,hypothesis,仮説,0
969,voyage,航海,0
970,editor,編集長,0
971,option,選択の自由,0
972,hemisphere,半球,0
973,mechanism,仕組み,0
974,anthropologist,人類学者,0
975,crew,乗組員たち,0
976,tragedy,悲劇,0
977,refrigerator,冷蔵庫,0
978,fare,運賃,0
979,debt,借金,0
980,curriculum,教育課程,0
981,component,構成要素,0
982,wheat,小麦,0
983,usage,語法,0
984,garbage,ゴミ,0
985,famine,飢饉,0
986,extinction,絶滅,0
987,purse,財布,0
988,folk,民族,0
989,explosion,爆発,0
990,portion,部分,0
991,organism,生物,0
992,merchant,商人,0
993,myth,神話,0
994,priest,神父,0
995,funeral,葬式,0
996,wildlife,野生生物,0
997,congress,議会,0
998,bay,湾,0
999,penalty,刑,0
1000,heritage,遺産,0
1001,diversity,多様性,0
1002,thumb,親指,0
1003,geography,地理,0
1004,envelope,封筒,0
1005,discrimination,差別,0
1006,virus,ウイルス,0
1007,statue,像,0
1008,athlete,運動選手,0
1009,pioneer,先駆者,0
1010,trait,特徴,0
1011,bond,きずな,0
1012,grocery,食料品,0
1013,secretary,秘書,0
1014,dialect,方言,0
1015,astronomy,天文学,0
1016,youngster,子供達,0
1017,yard,庭,0
1018,finding,発見,0
1019,strategy,戦略,0
1020,lung,肺,0
1021,opponent,敵,0
1022,ritual,儀式,0
1023,outcome,結果,0
1024,conservation,環境保護,0
1025,mammal,哺乳類,0
1026,telescope,望遠鏡,0
1027,refugee,難民,0
1028,code,規則,0
1029,flavor,風味,0
1030,particle,粒子,0
1031,nursing,看護,0
1032,suicide,自殺,0
1033,habitat,生息地,0
1034,bullying,いじめ,0
1035,dinosaur,恐竜,0
1036,council,議会,0
1037,gender,性別,0
1038,surgery,手術,0
1039,innovation,革新,0
1040,protein,タンパク質,0
1041,nutrition,栄養,0
1042,web,巣,0
1043,emission,排出,0
1044,ape,類人猿,0
1045,molecule,分子,0
1046,sweat,汗,0
1047,transplant,移植,0
1048,castle,城,0
1049,cartoon,マンガ,0
1050,tip,先,0
1051,cattle,牛,0
1052,density,密度,0
1053,guilty,有罪の,0
1054,vital,きわめて重要な,0
1055,rough,荒い、手荒い,0
1056,contemporary,現代の,0
1057,annual,年に一度の,0
1058,accustomed,慣れた,0
1059,steady,しっかりした,0
1060,dull,(人を)退屈させる,0
1061,keen,(刃物などが)鋭い,0
1062,loose,ゆるい,0
1063,delicate,繊細な,0
1064,internal,内部の,0
1065,casual,形式ばらない,0
1066,mature,成熟した,0
1067,concrete,具体的な,0
1068,awful,ひどい,0
1069,senior,(役職などが)上級の、先輩の,0
1070,overall,全面的な,0
1071,tight,引き締まった,0
1072,prime,最も重要な、主要な,0
1073,genuine,本物の,0
1074,modest,控えめな、謙虚な,0
1075,intimate,親密な,0
1076,minimum,最小限の,0
1077,sophisticated,高度な,0
1078,latter,後者の,0
1079,bitter,苦い、辛い,0
1080,peculiar,独特の　,0
1081,passive,受動的な,0
1082,ethnic,民族的な,0
1083,noble,高貴な,0
1084,vain,むだな,0
1085,innocent,無罪の、罪の無い,0
1086,underlying,根本的な,0
1087,alien,外国の、異質な,0
1088,relevant,関連のある,0
1089,inclined,(be inclined to V)Vする傾向がある,0
1090,awkward,(状況などが)気まずい,0
1091,brilliant,すばらしい,0
1092,desperate,(人が)必死の,0
1093,refreshing,さわやかな,0
1094,miserable,惨めな,0
1095,substantial,たくさんの、多大な,0
1096,consistent,矛盾のない,0
1097,plain,明白な,0
1098,vivid,鮮やかな,0
1099,thrilled,(人が)とてもうれしい,0
1100,inner,内側の,0
1101,fond,(be fond of A)Aが好きだ,0
1102,precisely,正確に,0
1103,meanwhile,その間に,0
1104,altogether,完全に,0
1105,lately,最近,0
1106,barely,かろうじて,0
1107,scarcely,ほとんど～ない,0
1108,accordingly,それ相応に,0
1109,deliberately,わざと,0
1110,beneath,～の下で,0
1111,lonely,孤独だ,0
1112,precious,貴重な,0
1113,minor,小さい,0
1114,isolated,孤立している,0
1115,generous,気前の良い,0
1116,tropical,熱帯,0
1117,reluctant,したがらない,0
1118,vague,漠然とした,0
1119,principal,主要な,0
1120,numerous,たくさんの,0
1121,rural,田舎の,0
1122,temporary,一時的な,0
1123,artificial,人工,0
1124,visible,目に見える,0
1125,raw,生の,0
1126,remote,へんぴな,0
1127,urgent,緊急の,0
1128,silly,馬鹿な,0
1129,striking,いちじるしい,0
1130,adequate,十分な,0
1131,extraordinary,なみはずれた,0
1132,odd,おかしな,0
1133,abstract,抽象的な,0
1134,mutual,相互の,0
1135,excessive,過度の,0
1136,ashamed,恥ずかしい,0
1137,tremendous,とてつもない,0
1138,inevitable,避けられない,0
1139,pure,純,0
1140,stable,安定した,0
1141,indifferent,無関心だ,0
1142,aggressive,攻撃的な,0
1143,ultimate,究極の,0
1144,shy,内気な,0
1145,solar,太陽,0
1146,profound,深い,0
1147,subtle,微妙な,0
1148,conservative,保守的な,0
1149,brave,勇敢な,0
1150,intense,強烈な,0
1151,fantastic,すばらしい,0
1152,acid,酸性の,0
1153,cruel,残酷な,0
1154,rational,理性的な,0
1155,initial,最初の,0
1156,rigid,厳格な,0
1157,linguistic,言語,0
1158,crucial,重大な,0
1159,verbal,言葉による,0
1160,optimistic,楽観的な,0
1161,flexible,柔軟な,0
1162,grateful,感謝している,0
1163,lively,生き生きとした,0
1164,overwhelming,圧倒的な,0
1165,abundant,豊富な,0
1166,selfish,利己的な,0
1167,ugly,みにくい,0
1168,racial,人類の,0
1169,prominenｔ,有名な,0
1170,controversial,物議を呼ぶ,0
1171,federal,連邦,0
1172,ridiculous,ばかげた,0
1173,imaginary,架空の,0
1174,harsh,きびしい,0
1175,random,無作為な,0
1176,adolescent,思春期の,0
1177,up-to-date,最新の,0
1178,liberal,自由主義の,0
1179,prior,前の,0
1180,moderate,適度な,0
1181,fluent,流ちょうな,0
1182,elaborate,手の込んだ,0
1183,incredible,信じられない,0
1184,radical,根本的な,0
1185,manual,手を使う,0
1186,deaf,耳が聞こえない,0
1187,medieval,中世の,0
1188,ecological,生態,0
1189,mobile,流動的な,0
1190,ignorant,知らない,0
1191,immune,免疫,0
1192,definitely,絶対,0
1193,virtually,ほとんど,0
1194,approximately,およそ,0
1195,instantly,即,0
1196,literally,文字通り,0
1197,seemingly,一見,0
1198,regardless,関係なく,0
1199,thoroughly,徹底的に,0
1200,afterwards,その後,0
1201,submit,(submit to A)Aに服従する,0
1202,tempt,～を誘惑する,0
1203,resign,(～を)辞職する,0
1204,conform,(規則・慣習などに)従う,0
1205,confine,～を限定する,0
1206,assemble,～を組み立てる,0
1207,dedicate,(dedicate A to B)AをBにささげる,0
1208,advocate,(主義など)を主張する,0
1209,thrive,繁栄する,0
1210,provoke,(人の反応など)を引き起こす,0
1211,dictate,～を命じる,0
1212,exploit,(資源など)を利用する,0
1213,surrender,降伏する(＋to),0
1214,reproduce,(音・場面など)を再生する,0
1215,transfer,～を移す,0
1216,swell,ふくらむ,0
1217,shed,(葉など)を落とす,0
1218,wind,曲がる,0
1219,cite,～を引き合いに出す,0
1220,digest,～を消化する,0
1221,skip,～をとばす、抜かす,0
1222,bind,～を縛る、束縛する,0
1223,dissolve,(～を)溶解する,0
1224,implement,～を実行する,0
1225,steer,(船、車など)を操縦する,0
1226,congratulate,(人)を祝福する,0
1227,designate,～を指定する(＋as),0
1228,violate,(法律・約束など)を破る,0
1229,presume,～と推定する、思う,0
1230,recruit,(新人など)を入れる,0
1231,coincide,同時に起きる,0
1232,enforce,(法律など)を施行する,0
1233,displace,(人)を故郷から追い出す,0
1234,shrink,縮む、～を縮ませる,0
1235,betray,～を裏切る,0
1236,comprise,～から構成される,0
1237,indulge,(indulge in A)A(快楽など)にふける,0
1238,penetrate,(～に)入り込む,0
1239,devastate,～を壊滅させる,0
1240,plunge,(A plunge into B)AがBに突っ込む,0
1241,thrust,～を強く押す,0
1242,contradict,～と矛盾する,0
1243,prescribe,(薬)を処方する,0
1244,oppress,～をしいたげる,0
1245,cherish,(思い出・希望など)を胸に抱く,0
1246,illuminate,～を照らす,0
1247,trigger,～のきっかけになる,0
1248,commute,通勤(通学)する,0
1249,induce,～を誘う,0
1250,utilize,～を利用する,0
1251,snap,ポキンと折れる、～をポキンと折る,0
1252,donate,～を提供する,0
1253,hatch,(卵・ヒナ)をかえす：かえる,0
1254,enclose,～を囲む,0
1255,prevail,普及している、広まる,0
1256,sigh,ため息をつく,0
1257,leak,漏れる,0
1258,compel,(人)に強制する,0
1259,crush,～を押しつぶす,0
1260,comprehend,～を理解する,0
1261,negotiate,交渉する,0
1262,persist,持続する,0
1263,multiply,～を増やす、増える,0
1264,conceive,(～を)想像する,0
1265,compensate,埋め合わせる,0
1266,suspend,～を中止する,0
1267,stir,(感情など)をかき立てる,0
1268,soak,～を浸す,0
1269,refine,～を洗練する,0
1270,arouse,(感情)を刺激する、かきたてる,0
1271,precede,～に先行する,0
1272,render,AをBにする,0
1273,mount,～をすえつける,0
1274,retreat,退く,0
1275,startle,～を驚かせる,0
1276,dare,Vする勇気がある,0
1277,anticipate,～を予想する,0
1278,crawl,はって進む,0
1279,pray,祈る,0
1280,dispose,処理する,0
1281,refrain,ひかえる,0
1282,accumulate,～を蓄積する,0
1283,mend,～を修理する,0
1284,revise,～を修正する,0
1285,scratch,～をかく,0
1286,drag,～を引きずる,0
1287,roar,ほえる,0
1288,quote,～を引用する,0
1289,bloom,咲く,0
1290,distort,～を歪曲する,0
1291,await,～を待つ,0
1292,dread,～を恐れる,0
1293,coceal,～を隠す,0
1294,enrich,～を豊かにする,0
1295,cling,固執する,0
1296,surpass,～にまさる,0
1297,suppress,～を抑える,0
1298,portray,～を描く,0
1299,soar,急上昇する,0
1300,drain,～を排出する,0
1301,glow,ボーッと光る,0
1302,migrate,移住する,0
1303,exclaim,叫ぶ,0
1304,exert,～を及ぼす,0
1305,fetch,～を取ってくる,0
1306,accelerate,～を促進する,0
1307,dwell,住む,0
1308,integrate,～を融けこませる,0
1309,weep,泣く,0
1310,reassure,～を安心させる,0
1311,condemn,非難する,0
1312,restrain,～を抑制する,0
1313,resent,～に腹を立てる,0
1314,yell,大声で叫ぶ,0
1315,assess,～を評価する,0
1316,carve,～を彫る,0
1317,halt,～を止める,0
1318,inspect,～を検査する,0
1319,tackle,～に取り組む,0
1320,omit,を省く,0
1321,frown,まゆをひそめる,0
1322,resume,～を再開する,0
1323,mold,～を作る,0
1324,accommodate,～を収容できる,0
1325,erase,～を消す,0
1326,infer,推量する,0
1327,revive,～を生き返らせる,0
1328,humiliate,～に恥をかかせる,0
1329,rotate,回る,0
1330,disrupt,～をかき乱す,0
1331,navigate,進路を決める,0
1332,ache,痛む,0
1333,discard,～を捨てる,0
1334,incorporate,～を取り入れる,0
1335,overtake,～を追い越す,0
1336,supplement,～を補う,0
1337,manipulate,～を操作する,0
1338,nourish,～に栄養を与える,0
1339,squeeze,～をしぼる,0
1340,depict,～を描く,0
1341,distract,～をそらす,0
1342,disclose,～を暴露する,0
1343,enroll,入学する,0
1344,nurture,～を育てる,0
1345,speculate,推測する,0
1346,prolong,～をのばす,0
1347,execute,～を処刑する,0
1348,uncover,～を明らかにする,0
1349,tremble,ふるえる,0
1350,seize,～をつかむ,0
1351,abolish,～を廃止する,0
1352,scold,～をしかる,0
1353,attain,～を達成する,0
1354,utter,～を発する,0
1355,flee,逃げる,0
1356,offend,～を怒らせる,0
1357,confess,～と告白する,0
1358,postpone,～を延期する,0
1359,drift,ただよう,0
1360,weave,～を織る,0
1361,install,～を備えつける,0
1362,twist,～をねじ曲げる,0
1363,extract,～を取り出す,0
1364,bump,ぶつかる,0
1365,despise,～を軽べつする,0
1366,tolerate,～を我慢する,0
1367,boast,自慢する,0
1368,flourish,栄える,0
1369,disregard,～を無視する,0
1370,tease,～をからかう,0
1371,reinforce,～を強める,0
1372,strive,努力する,0
1373,coordinate,～を強調させる,0
1374,yawn,あくびをする,0
1375,hug,抱きしめる,0
1376,combat,と戦う,0
1377,boost,を活気づける,0
1378,sphere,領域、範囲,0
1379,sequence,連続(するもの),0
1380,deposit,預金：頭金,0
1381,poll,世論調査,0
1382,caution,用心,0
1383,rage,激怒、怒り,0
1384,formula,方法、秘訣、解決策,0
1385,plot,(小説・演劇などの)筋,0
1386,scope,範囲,0
1387,norm,(ある社会の)規範,0
1388,disgust,嫌悪,0
1389,canal,運河,0
1390,curse,災いのもと,0
1391,paradox,逆説,0
1392,tissue,(動植物の細胞から成る)組織,0
1393,breakdown,(組織・関係などの)崩壊,0
1394,initiative,主導権,0
1395,fabric,織物、布,0
1396,publicity,宣伝、広告,0
1397,summit,頂上、頂点,0
1398,flock,群れ,0
1399,plague,疫病,0
1400,haste,急ぐこと,0
1401,nap,うたた寝,0
1402,ally,同盟国,0
1403,draft,下書き、草稿,0
1404,spectacle,光景,0
1405,premise,前提,0
1406,asset,財産,0
1407,lag,遅れ,0
1408,therapy,療法、治療法,0
1409,reception,もてなし,0
1410,compound,化合物,0
1411,blessing,ありがたいもの,0
1412,sensation,感覚、感じ,0
1413,recession,不景気、不況,0
1414,pole,棒,0
1415,outlook,考え方、態度,0
1416,endeavor,活動,0
1417,mercy,慈悲、情け,0
1418,counterpart,Aに相当するもの,0
1419,session,期間,0
1420,pill,錠剤,0
1421,junk,くず,0
1422,fatigue,疲労,0
1423,fame,名声,0
1424,mess,めちゃくちゃ,0
1425,decay,腐敗,0
1426,dignity,尊厳,0
1427,compromise,妥協,0
1428,drought,干ばつ,0
1429,despair,絶望,0
1430,interval,間隔,0
1431,luggage,荷物,0
1432,blossom,花,0
1433,impulse,衝動,0
1434,hatred,憎しみ,0
1435,beast,野獣,0
1436,superstition,迷信,0
1437,illusion,幻想,0
1438,thread,糸,0
1439,plow,すき,0
1440,feast,宴会,0
1441,transition,移り変わり,0
1442,misery,悲惨さ,0
1443,radiation,放射線,0
1444,log,丸太,0
1445,consensus,合意,0
1446,deed,行動,0
1447,proverb,ことわざ,0
1448,compliment,ほめ言葉,0
1449,flame,炎,0
1450,anniversary,記念日,0
1451,conscience,良心,0
1452,expedition,探検,0
1453,offspring,子孫,0
1454,allowance,こづかい,0
1455,headline,大見出し,0
1456,treaty,条約,0
1457,monument,記念碑,0
1458,worm,虫,0
1459,remedy,治療法,0
1460,encyclopedia,百科事典,0
1461,glimpes,ちらり,0
1462,personnel,職員,0
1463,triumph,勝利,0
1464,arithmetic,算数,0
1465,self-esteem,自尊心,0
1466,fog,霧,0
1467,odds,可能性,0
1468,chaos,混沌,0
1469,destiny,運命,0
1470,diameter,直径,0
1471,meadow,牧草地,0
1472,sourvenir,みやげ物,0
1473,trail,小道,0
1474,ratio,比率,0
1475,sword,剣,0
1476,realm,領域,0
1477,sentiment,感情,0
1478,chore,雑用,0
1479,courtesy,礼儀,0
1480,mayor,市長,0
1481,reign,統治,0
1482,trash,ゴミ,0
1483,prestige,名声,0
1484,hierarchy,階級制度,0
1485,wilderness,荒野,0
1486,orbit,軌道,0
1487,bias,偏見,0
1488,republic,共和国,0
1489,bargain,掘り出し物,0
1490,contempt,軽蔑,0
1491,fragment,破片,0
1492,galaxy,星雲,0
1493,lap,ひざ,0
1494,deadline,締め切り,0
1495,bullet,弾丸,0
1496,pedestrian,歩行者,0
1497,wit,機知,0
1498,nuisance,迷惑,0
1499,criteria,基準,0
1500,hardship,苦難,0
1501,glory,栄光,0
1502,sin,罪,0
1503,navy,海軍,0
1504,script,台本,0
1505,pension,年金,0
1506,timber,材木,0
1507,surplus,余剰,0
1508,moisture,水分,0
1509,peasant,小作農,0
1510,garment,衣服,0
1511,textile,織物,0
1512,tuition,授業料,0
1513,troop,軍隊,0
1514,primate,霊長類,0
1515,friction,摩擦,0
1516,nephew,甥,0
1517,altitude,高度,0
1518,diagnosis,診断,0
1519,commerce,商業,0
1520,limb,手足,0
1521,fraction,ほんの一部,0
1522,irony,皮肉,0
1523,nightmare,悪夢,0
1524,defect,欠陥,0
1525,witch,魔女,0
1526,scent,香り,0
1527,erosion,侵食,0
1528,millionaire,百万長者,0
1529,skeleton,骨格,0
1530,grace,優雅さ,0
1531,landmark,名所,0
1532,torture,拷問,0
1533,flesh,肉,0
1534,collision,衝突,0
1535,hazard,危険なもの,0
1536,tomb,墓,0
1537,brow,額,0
1538,sightseeing,観光,0
1539,leather,革,0
1540,jewelry,宝石,0
1541,cue,合図,0
1542,ambulance,救急車,0
1543,estate,不動産,0
1544,commodity,商品,0
1545,departure,出発,0
1546,phase,段階,0
1547,thief,泥棒,0
1548,saint,聖,0
1549,consent,同意,0
1550,grief,悲しみ,0
1551,lane,車線,0
1552,bulk,大部分,0
1553,fluid,液,0
1554,communist,共産主義の,0
1555,bride,花嫁,0
1556,intervention,介入,0
1557,margin,差,0
1558,biography,伝記,0
1559,sculpture,彫刻,0
1560,volcano,火山,0
1561,rebel,反逆者,0
1562,metaphor,比喩,0
1563,legislation,法律,0
1564,lightning,雷,0
1565,pesticide,殺虫剤,0
1566,column,コラム,0
1567,rumor,うわさ,0
1568,dust,ほこり,0
1569,dialogue,対話,0
1570,kindergarten,幼稚園,0
1571,tourism,観光,0
1572,obesity,肥満,0
1573,patent,特許,0
1574,chapter,章,0
1575,palace,宮殿,0
1576,laundry,洗濯,0
1577,ward,病棟,0
1578,epidemic,流行,0
1579,equation,方程式,0
1580,archaeologist,考古学者,0
1581,corruption,腐敗,0
1582,apt,Vしがちである,0
1583,humble,謙虚な,0
1584,entitled,Aを得る権利がある,0
1585,valid,妥当な,0
1586,faint,かすかな,0
1587,stiff,堅い,0
1588,obscure,わかりにくい,0
1589,fierce,激しい,0
1590,acute,深刻な,0
1591,idle,(仕事がなくて）なにもしていない,0
1592,crude,粗末な,0
1593,jealous,しっと深い,0
1594,pregnant,妊娠している,0
1595,liable,(be liable to V)～しがちである,0
1596,intent,没頭した,0
1597,decent,(世間から見て)まともな,0
1598,marvelous,驚くべき,0
1599,misleading,誤解を招く,0
1600,tame,飼い慣らされた,0
1601,classical,（音楽が）クラシックの,0
1602,Muslim,イスラム教の,0
1603,grave,重大な,0
1604,fertile,肥えた,0
1605,hostile,敵意を持つ,0
1606,indispensable,不可欠だ,0
1607,alert,用心する,0
1608,trivial,ささいな,0
1609,oriented,志向の,0
1610,splendid,すばらしい,0
1611,competent,有能な,0
1612,supreme,最高の,0
1613,sheer,全くの,0
1614,sacred,聖,0
1615,bold,大胆な,0
1616,uneasy,不安な,0
1617,neat,きちんとした,0
1618,shallow,浅い,0
1619,loyal,忠実な,0
1620,superficial,表面的な,0
1621,absurd,馬鹿げた,0
1622,fragile,壊れやすい,0
1623,respectable,ちゃんとした,0
1624,magnificent,すばらしい,0
1625,infinite,無限の,0
1626,comprehensive,包括的,0
1627,steep,険しい,0
1628,gross,総,0
1629,subsequent,次に起こる,0
1630,sincere,誠実な,0
1631,timid,臆病な,0
1632,neutral,中立の,0
1633,diligent,勤勉な,0
1634,sore,痛い,0
1635,contaminated,汚染された,0
1636,ambiguous,どちらとも取れる,0
1637,oral,口述の,0
1638,restless,落ち着かない,0
1639,savage,野蛮な,0
1640,vigorous,精力的な,0
1641,immense,莫大な,0
1642,metropolitan,大都市,0
1643,punctual,時間をきっちり守る,0
1644,solitary,孤独な,0
1645,collective,集団,0
1646,diplomatic,外交,0
1647,brutal,残忍な,0
1648,helpless,無力な,0
1649,arrogant,ごう慢な,0
1650,bankrupt,破産した,0
1651,eternal,永遠の,0
1652,sole,唯一の,0
1653,gloomy,暗い,0
1654,notable,注目すべき,0
1655,affluent,裕福な,0
1656,naked,裸の,0
1657,vocal,発声,0
1658,feminine,女性の,0
1659,vacant,空いている,0
1660,exotic,外来の,0
1661,cognitive,認知,0
1662,humid,蒸し暑い,0
1663,outstanding,傑出した,0
1664,addicted,中毒である,0
1665,vulnerable,受けやすい,0
1666,spontaneous,自然に起こる,0
1667,greedy,どん欲だ,0
1668,thirsty,のどが渇く,0
1669,per capita,一人当たりの,1
1670,inherent,元からともなう,0
1671,promising,前途有望な,0
1672,physiological,生理的な,0
1673,clinical,臨床,0
1674,chronic,慢性の,0
1675,geological,地質学的な,0
1676,countless,無数の,0
1677,simultaneously,同時に,0
1678,utterly,全く,0
1679,upright,まっすぐに,0
1680,overnight,一晩,0
1681,thereby,そうすることで,0
1682,via,経由で,0
1683,namely,すなわち,0
1684,frankly,率直に,0
1685,hence,だから,0
1686,proclaim,～を宣言する,0
1687,smash,～を粉々に砕く,0
1688,mourn,～を悲しむ,0
1689,summon,～を呼ぶ,0
1690,shatter,～を粉々にする,0
1691,linger,残る,0
1692,lament,～を嘆く,0
1693,endow,～に恵まれる,0
1694,rejoice,喜ぶ,0
1695,whip,～をむち打つ,0
1696,slap,～をピシャリと打つ,0
1697,contend,～と主張する,0
1698,swear,～と誓う,0
1699,discern,～を識別する,0
1700,degrade,～を悪化させる,0
1701,erect,を築く,0
1702,testify,証言する,0
1703,spur,～を駆りたてる,0
1704,roam,～を歩き回る,0
1705,chew,かむ,0
1706,lure,誘い込む,0
1707,defy,～に逆らう,0
1708,stroll,ぶらつく,0
1709,dispense,なしですます,0
1710,reconcile,～を調和させる,0
1711,blur,～をぼやかす,0
1712,soothe,～をなだめる,0
1713,impair,～を低下させる,0
1714,comply,従う,0
1715,pierce,～に穴をあける,0
1716,stumble,つまずく,0
1717,hinder,～をさまたげる,0
1718,mock,～をあざける,0
1719,embody,～を具現する,0
1720,insert,～を差し込む,0
1721,stalk,～に忍び寄る,0
1722,clarify,～を明らかにする,0
1723,applaud,拍手する,0
1724,inflict,～を与える,0
1725,merge,合併する,0
1726,reckon,～と考える,0
1727,undone,元に戻らない,0
1728,poke,～を突く,0
1729,tumble,落ちる,0
1730,adhere,固く守る,0
1731,compile,～をまとめる,0
1732,wither,しぼむ,0
1733,stun,～をびっくりさせる,0
1734,choke,のどがつまる,0
1735,deteriorate,悪化する,0
1736,evade,～をのがれる,0
1737,murmur,つぶやく,0
1738,console,～をなぐさめる,0
1739,duplicate,～を複製する,0
1740,divert,～をそらす,0
1741,slaughter,～を虐殺する,0
1742,reap,～を手に入れる,0
1743,affirm,～と断言する,0
1744,knit,を編む,0
1745,ponder,～を熟考する,0
1746,embark,乗り出す,0
1747,vow,～を誓う,0
1748,foresee,～を予知する,0
1749,adore,～を崇拝する,0
1750,yearn,切望する,0
1751,undermine,～を弱める,0
1752,suck,を吸う,0
1753,pledge,～を誓う,0
1754,intrude,立ち入る,0
1755,sue,～を訴える,0
1756,rot,腐敗する,0
1757,extinguish,～を消す,0
1758,perplex,困惑させる,0
1759,curb,～を抑制する,0
1760,withstand,～に耐える,0
1761,expel,～を追放する,0
1762,recite,～を暗唱する,0
1763,glitter,キラキラ輝く,0
1764,plead,嘆願する,0
1765,contemplate,～を考える,0
1766,discharge,～を放出する,0
1767,preach,説教する,0
1768,rattle,～をがたがた鳴らす,0
1769,retrieve,～を検索する,0
1770,shrug,～をすぼめる,0
1771,evoke,～を呼び起こす,0
1772,haunt,つきまとわれる,0
1773,disguise,を隠す,0
1774,flatter,におせじを言う,0
1775,prose,散文,0
1776,germ,細菌,0
1777,thermometer,温度計,0
1778,province,州,0
1779,masterpiece,傑作,0
1780,revenue,収入,0
1781,riot,暴動,0
1782,breakthrough,飛躍的進歩,0
1783,apparatus,装置,0
1784,fuss,大騒ぎ,0
1785,deficiency,欠乏,0
1786,heir,相続人,0
1787,equator,赤道,0
1788,petroleum,石油,0
1789,certificate,証明書,0
1790,vapor,蒸気,0
1791,probe,探査機,0
1792,doctrine,教義,0
1793,scorn,軽蔑,0
1794,prophet,預言者,0
1795,breeze,苦痛,0
1796,pavement,歩道,0
1797,ornament,飾り,0
1798,spouse,配偶者,0
1799,wrinkle,しわ,0
1800,queue,列,0
1801,stake,賭け金,0
1802,ambassador,大使,0
1803,jury,陪審員,0
1804,dismay,落胆,0
1805,lump,こぶ,0
1806,lottery,苦痛,0
1807,outbreak,勃発,0
1808,feat,偉業,0
1809,temperament,気質,0
1810,chill,寒気,0
1811,deficit,赤字,0
1812,predecessor,前任,0
1813,entity,存在,0
1814,hospitality,歓迎,0
1815,mortality,死亡,0
1816,narrative,話,0
1817,segment,部分,0
1818,catastrophe,大災害,0
1819,monarch,君主,0
1820,cradle,ゆりかご,0
1821,coward,臆病者,0
1822,cosmos,宇宙,0
1823,aisle,通路,0
1824,headquarters,本部,0
1825,toll,通行料,0
1826,transaction,取引,0
1827,syndrome,症候群,0
1828,burglar,強盗,0
1829,tyranny,圧政,0
1830,parasite,寄生生物,0
1831,intuition,直感,0
1832,incentive,はげみ,0
1833,legacy,遺産,0
1834,retail,小売り,0
1835,vein,静脈,0
1836,discourse,論説,0
1837,diploma,卒業証書,0
1838,propaganda,宣伝,0
1839,outlet,はけ口,0
1840,apprehension,不安,0
1841,melancholy,憂鬱,0
1842,novelty,目新しさ,0
1843,spencimen,標本,0
1844,barbarian,野蛮人,0
1845,tactics,戦術,0
1846,monopoly,独占,0
1847,token,印,0
1848,aristocracy,貴族階級,0
1849,revenge,復讐,0
1850,persecution,迫害,0
1851,rhetoric,美辞麗句,0
1852,harassment,いやがらせ,0
1853,census,国勢調査,0
1854,verge,瀬戸際,0
1855,advent,出現,0
1856,analogy,類似点,0
1857,irrigation,かんがい,0
1858,coverage,報道,0
1859,cuisine,料理,0
1860,menace,脅威,0
1861,peril,危険,0
1862,antiquity,古代,0
1863,assault,攻撃,0
1864,plight,苦境,0
1865,autonomy,自主性,0
1866,cram,塾,0
1867,subsidy,補助金,0
1868,indignation,怒り,0
1869,slang,俗語,0
1870,posture,姿勢,0
1871,ideology,イデオロギー,0
1872,supervisor,監督者,0
1873,tumor,腫瘍,0
1874,intersection,交差点,0
1875,excursion,遠足,0
1876,deforestation,森林破壊,0
1877,precaution,用心,0
1878,orchard,果樹園,0
1879,shortcoming,欠点,0
1880,aspiration,熱望,0
1881,psychiatrist,精神科医,0
1882,shipping,発送,0
1883,senator,上院議員,0
1884,statesman,政治家,0
1885,subordinate,部下,0
1886,vacuum,空白,0
1887,quest,探究,0
1888,meditation,瞑想,0
1889,subscribers,加入者,0
1890,riddle,謎,0
1891,rag,ぼろ,0
1892,rust,さび,0
1893,sanitation,衛生,0
1894,midst,まっただ中,0
1895,mischief,いたずら,0
1896,weed,雑草,0
1897,recollection,記憶,0
1898,latitude,緯,0
1899,flaw,欠陥,0
1900,botanist,植物学者,0
1901,heredity,遺伝,0
1902,domain,領域,0
1903,censorship,検閲制度,0
1904,dose,量,0
1905,integrity,誠実,0
1906,freight,貨物,0
1907,bribe,わいろ,0
1908,eruption,噴火,0
1909,clonig,クローニング,0
1910,appliance,器具,0
1911,predator,捕食動物,0
1912,recipe,秘訣,0
1913,ash,灰,0
1914,whistle,笛,0
1915,plantation,農園,0
1916,intake,摂取量,0
1917,vending,販売,0
1918,beverage,飲み物,0
1919,orphan,孤児,0
1920,neuron,ニューロン,0
1921,vegetation,植生,0
1922,warrior,戦士,0
1923,mutation,突然変異,0
1924,sewage,下水,0
1925,metabolism,新陳代謝,0
1926,paradigm,理論的枠組み,0
1927,protocol,議定書,0
1928,skyscraper,超高層ビル,0
1929,accord,一致,0
1930,bureaucrat,官僚,0
1931,stubborn,頑固な,0
1932,renowned,有名な,0
1933,transparent,透き通った,0
1934,dim,薄暗い,0
1935,grim,きびしい,0
1936,legitimate,正当な,0
1937,weary,疲れている,0
1938,swift,すばやい,0
1939,naive,世間知らずの,0
1940,dumb,馬鹿,0
1941,sour,すっぱい,0
1942,furious,激怒した,0
1943,earnest,真面目な,0
1944,terrific,すばらしい,0
1945,vertical,垂直な,0
1946,wicked,邪悪な,0
1947,subjective,主観的な,0
1948,diplomatic,外交,0
1949,enlihgtened,進んだ考えの,0
1950,feudal,封建,0
1951,nasty,不快な,0
1952,dizzy,めまい,0
1953,straightforward,わかりやすい,0
1954,solemn,荘厳な,0
1955,damp,湿った,0
1956,static,静(静的な、静止した）,0
1957,doomed,運命にある,0
1958,stern,厳格な,0
1959,innumerable,無数の,0
1960,clumsy,不器用な,0
1961,aesthetic,美的,0
1962,obsessed,とりつかれる,0
1963,detached,切り離された,0
1964,innate,先天的な,0
1965,wrecked,難破した,0
1966,reckless,無謀な,0
1967,explicit,露骨な,0
1968,preoccupied,頭がいっぱいだ,0
1969,gigantic,巨大な,0
1970,conspicuous,顕著な,0
1971,slender,すらりとした,0
1972,manifest,明らかな,0
1973,tidy,きちんと,0
1974,naughty,いたずらな,0
1975,skeptical,懐疑的な,0
1976,notorious,悪名高い,0
1977,anonymous,匿名の,0
1978,monotonous,単調な,0
1979,ample,豊富に,0
1980,trim,こぎれいな,0
1981,toxic,有毒な,0
1982,afflicted,苦しんでいる,0
1983,eloquent,雄弁な,0
1984,foul,不快な,0
1985,juvenile,青少年の,0
1986,compulsory,義務,0
1987,prone,～しやすい,0
1988,arbitrary,勝手な,0
1989,ingenious,独創的な,0
1990,devine,神聖なる,0
1991,tender,やさしい,0
1992,outraged,憤慨している,0
1993,eccentric,風変わりな,0
1994,paralyzed,麻痺している,0
1995,compatible,適合する,0
1996,patriotic,愛国的な,0
1997,eminent,名高い,0
1998,fake,にせ物の,0
1999,insane,気が狂って,0
2000,bewildered,当惑する,0
2001,vulgar,下品な,0
2002,secondhand,間接,0
2003,indigenous,先住,0
2004,utmost,最も,0
2005,stray,宿なしの,0
2006,intricate,複雑な,0
2007,daring,大胆な,0
2008,mighty,強力な,0
2009,barren,不毛の,0
2010,ultraviolet,紫外,0
2011,intriguing,興味深い,0
2012,merry,陽気な,0
2013,synthetic,合成,0
2014,perpetual,永続する,0
2015,hybrid,ハイブリッド,0
2016,spinal,脊椎の,0
2017,drastically,劇的に,0
2018,abruptly,不意に,0
2019,conversely,逆に,0
2020,predominantly,主に,0
2021,lest,ないように,0
