1,improve,を向上させる,0
2,relate,を関連付ける,0
3,provide,を供給する,0
4,consider,を見なす,0
5,include,を含む,0
6,concern,心配する,0
7,involve,を関与させる,0
8,produce,を生産する,0
9,allow,を許す,0
10,require,を要求する,0
11,appear,…のように見える,0
12,tend,傾向がある,0
13,agree,意見が一致する,0
14,describe,について述べる,0
15,add,を加える,0
16,depend,頼る,0
17,encourage,を励ます,0
18,exist,存在する,0
19,reduce,を減らす,0
20,adapt,適応する,0
21,compare,を比較する,0
22,increase,増加する,0
23,suggest,を提案する,0
24,cost,がかかる,0
25,share,を共有する,0
26,wonder,かなと思う,0
27,argue,と主張する,0
28,realize,に気づく,0
29,control,を管理する,0
30,affect,に影響を及ぼす,0
31,find,とわかる,0
32,notice,に気づく,0
33,avoid,を避ける,0
34,force,に強いる,0
35,offer,を提供する、申し出る,0
36,demand,を要求する,0
37,claim,と主張する,0
38,deal,を処理する,0
39,store,を保存する,0
40,complete,を完成させる,0
41,value,価値,0
42,benefit,利益、恩恵,0
43,opportunity,機会,0
44,quality,質,0
45,author,著者,0
46,technology,科学技術,0
47,environment,環境,0
48,view,見解,0
49,situation,状況,0
50,effect,影響、効果,0
51,influence,影響（力）,0
52,term,(専門)用語,0
53,skill,技能,0
54,theory,理論、学説,0
55,issue,問題(点),0
56,subject,話題,0
57,article,記事,0
58,statement,主張,0
59,experiment,実験,0
60,figure,数字,0
61,evidence,証拠,0
62,industry,産業,0
63,economy,経済,0
64,medicine,医薬,0
65,matter,問題,0
66,material,材料,0
67,species,(生物の)種,0
68,practice,（社会の）慣習,0
69,focus,焦点,0
70,memory,記憶(力),0
71,right,権利,0
72,accord,一致,0
73,thought,考え,0
74,interest,興味,0
75,account,説明,0
76,cause,原因,0
77,sound,音,0
78,individual,個人,0
79,certain,確信して,0
80,possible,可能な,0
81,likely,ありそうな,0
82,available,手に入る,0
83,social,社会的な,0
84,public,公の,0
85,physical,身体の,0
86,scientific,科学的な,0
87,common,不通の,0
88,general,全般的な,0
89,particular,特定の,0
90,similar,似ている,0
91,various,さまざまな,0
92,native,出生地の,0
93,patient,忍耐強い,0
94,recent,最近の,0
95,even,…さえ,0
96,yet,(文頭で)それでも,0
97,rather,かなり,0
98,instead,その代わりに,0
99,simultaneously,同時に,0
100,each,それぞれ,0
101,challenge,に意義を唱える,0
102,determine,を決定する,0
103,manage,をどうにか成し遂げる,0
104,maintain,を維持する,0
105,refer,言及する,0
106,approach,に近づく,0
107,advance,進歩する,0
108,express,を表現する,0
109,spread,を広める,0
110,occur,起こる,0
111,observe,に気づく,0
112,recognize,を識別できる,0
113,suppose,と思う,0
114,regard,を見なす,0
115,treat,を扱う,0
116,search,捜す,0
117,prove,を証明する,0
118,establish,を設立する,0
119,mention,に言及する,0
120,represent,を表す,0
121,prefer,の方を好む,0
122,apply,申し込む,0
123,seek,を追い求める,0
124,publish,を出版する,0
125,perform,を行う,0
126,gain,を獲得する,0
127,fit,適合する,0
128,contain,を含む,0
129,supply,を供給する,0
130,prepare,を準備する,0
131,bear,に耐える,0
132,prevent,を妨げる,0
133,object,反対する,0
134,decline,衰退する,0
135,replace,に取って代わる,0
136,connect,をつなぐ,0
137,attend,に出席する,0
138,survive,生き延びる,0
139,respect,を尊敬する,0
140,waste,を浪費する,0
141,advantage,利点,0
142,resource,資源,0
143,medium,(情報伝達の)媒体,0
144,method,方法,0
145,attitude,考え方,0
146,structure,構造,0
147,function,機能,0
148,feature,特徴,0
149,aspect,(物事の)側面,0
150,content,内容,0
151,detail,詳細、細部,0
152,range,範囲,0
153,region,地域,0
154,trade,貿易,0
155,habit,習慣、癖,0
156,cell,細胞,0
157,fuel,燃料,0
158,bill,請求書,0
159,charge,料金,0
160,fine,罰金,0
161,temperature,湿度,0
162,decade,10年間,0
163,emotion,感情、情動,0
164,explanation,説明,0
165,solution,解決(策),0
166,degree,程度,0
167,access,接近、利用（の機会）,0
168,contrast,対照,0
169,status,地位,0
170,surface,表面,0
171,conflict,争い,0
172,audience,聴衆,0
173,clay,粘土,0
174,epoch,時代,0
175,profit,利益,0
176,income,収入,0
177,ancestor,先祖,0
178,crop,作物,0
179,significant,重要な,0
180,necessary,必要な,0
181,appropriate,適切な,0
182,correct,正しい,0
183,worth,の価値がある,0
184,positive,積極的な,0
185,plastic,柔軟な,0
186,political,政治の,0
187,official,公式の,0
188,private,私的な,0
189,ancient,古代の,0
190,due,(支払)期日で,0
191,complex,複雑な,0
192,mobile,可動式の,0
193,blank,空白の,0
194,male,男性の,0
195,therefore,それゆえに,0
196,thus,したがって,0
197,eventually,結局,0
198,otherwise,さもなければ,0
199,despite,…にもかかわらず,0
200,both,両方とも,0
201,succeed,成功する,0
202,identify,を特定する,0
203,reflect,を反映する,0
204,assume,を当然のことと思う,0
205,estimate,を推定する,0
206,define,を定義する,0
207,indicate,を指し示す,0
208,reveal,を明らかにする,0
209,attempt,を試みる、企てる,0
210,respond,反応する,0
211,associate,を結びつけて考える,0
212,examine,を調べる,0
213,address,(問題など)扱う,0
214,trust,を信頼する,0
215,doubt,を疑う,0
216,ignore,を無視する,0
217,refuse,を拒む,0
218,complain,不平を言う,0
219,decrease,減少する,0
220,vary,さまざまである,0
221,emerge,現れる,0
222,match,と合う,0
223,stick,を動けなくさせる,0
224,hide,を隠す,0
225,attract,を引きつける,0
226,promote,を促進する,0
227,satisfy,を満足させる,0
228,earn,を稼ぐ,0
229,preserve,を保持する,0
230,enable,可能にする,0
231,destroy,を破壊する,0
232,tear,を引き裂く,0
233,suffer,苦しむ,0
234,survey,を調査する,0
235,divide,を分ける,0
236,conduct,を実施する,0
237,graduate,卒業する,0
238,contribute,寄与する,0
239,desire,を強く望む,0
240,relax,くつろぐ,0
241,target,（到達）目標,0
242,aim,目的,0
243,principle,主義、信条,0
244,norm,規範,0
245,strategy,戦略,0
246,track,跡,0
247,progress,進歩,0
248,personality,個性、性格,0
249,characteristic,特徴,0
250,manner,方法,0
251,device,装置、機器,0
252,origin,起源,0
253,gene,遺伝子,0
254,atmosphere,大気,0
255,trend,傾向,0
256,phenomenon,現象,0
257,context,状況、背景,0
258,circumstance,状況、事情,0
259,pain,苦痛,0
260,struggle,闘い,0
261,pollution,汚染,0
262,threat,脅威,0
263,disaster,災害,0
264,consequence,結果,0
265,revolution,革命,0
266,majority,大部分,0
267,mass,かたまり,0
268,stock,在庫品,0
269,wealth,富,0
270,literature,文学,0
271,authority,(関係)当局,0
272,institution,機関,0
273,custom,(社会的な)慣習,0
274,sight,光景,0
275,display,(感情などの)現れ,0
276,colleague,(職場の)同僚,0
277,resident,居住者,0
278,vehicle,乗り物、車,0
279,essential,必要不可欠な,0
280,aware,気づいて,0
281,mental,精神の,0
282,academic,学問の,0
283,ordinary,並の,0
284,familiar,精通している,0
285,novel,目新しい、斬新な,0
286,specific,特定の,0
287,chemical,化学の、化学的な,0
288,financial,財政の,0
289,active,活動的な,0
290,negative,否定の,0
291,direct,直接の,0
292,obvious,明らかな,0
293,current,現在の,0
294,urban,都市の,0
295,furthermore,さらに,0
296,likewise,同様に,0
297,though,けれど,0
298,nevertheless,それにもかかわらず,0
299,thereby,それによって,0
300,hence,それゆえに,0
301,appreciate,を正当に評価する,0
302,admit,認める,0
303,predict,を予言する,0
304,acquire,を得る,0
305,adopt,を採用する,0
306,purchase,を購入する,0
307,afford,を持つ余裕がある,0
308,consume,を消費する,0
309,remove,を取り除く,0
310,suit,を適する,0
311,expand,拡大する,0
312,extend,を伸ばす、延ばす,0
313,explore,調査する,0
314,judge,判断する,0
315,demonstrate,を論証する,0
316,insist,強く主張する,0
317,appeal,訴える,0
318,convince,を納得させる,0
319,settle,を解決する,0
320,aid,を援助する、助ける,0
321,educate,を教育する,0
322,engage,を従事させる,0
323,combine,を結び付ける,0
324,organize,を組織する,0
325,operate,を操作する,0
326,recall,を思い出す,0
327,rely,頼る,0
328,amaze,をびっくりさせる,0
329,confuse,を混同する,0
330,blame,を責める,0
331,criticize,を批判する,0
332,behave,振る舞う,0
333,encounter,に遭遇する,0
334,select,を選ぶ、精選する,0
335,flow,流れる,0
336,evolve,(徐々に)発展する,0
337,freeze,凍る,0
338,release,を放出する,0
339,locate,の位置を探し当てる,0
340,advertise,を宣伝する,0
341,imagination,想像(力),0
342,perspective,観点,0
343,confidence,自信,0
344,achievement,業績,0
345,reward,報酬,0
346,corporation,企業,0
347,capital,資本,0
348,client,顧客,0
349,crisis,危機,0
350,harm,害,0
351,victim,犠牲(者)、被害者,0
352,option,選択(の自由),0
353,compaign,運動,0
354,court,裁判所、法廷,0
355,code,規範,0
356,criminal,犯罪者、犯人,0
357,agriculture,農業,0
358,religion,宗教,0
359,philosophy,哲学,0
360,conference,会議,0
361,document,(公)文書,0
362,statistics,統計,0
363,analysis,分析,0
364,hypothesis,仮説,0
365,notion,概念、観念,0
366,stereotype,固定観念,0
367,review,論評,0
368,vocabulary,語彙,0
369,organ,臓器,0
370,gender,(社会的・文化的)性別,0
371,fossil,化石,0
372,glacier,氷河,0
373,laboratory,実験室、研究室,0
374,virus,ウイルス,0
375,occasion,場合、時,0
376,minister,大臣,0
377,presence,存在,0
378,substance,物質,0
379,creative,創造的な、独創的な,0
380,potential,潜在的な,0
381,independent,独立した,0
382,willing,いとわない,0
383,efficient,効率的な,0
384,ideal,理想的な,0
385,genetic,遺伝（子）の,0
386,entire,全体の、全部の,0
387,relative,相対的な,0
388,extreme,極端な,0
389,vast,広大な,0
390,tiny,とても小さな,0
391,desert,人の住まない,0
392,rural,田舎の,0
393,previous,以前の、前の,0
394,legal,法律の,0
395,nowadays,近頃は,0
396,seldom,めったに…ない,0
397,meanwhile,一方,0
398,latter,後者,0
399,versus,A対B,0
400,all,すべて（のもの）,0
401,perceive,を知覚する,0
402,expect,を予期する,0
403,intend,を意図する,0
404,request,を要請する,0
405,remind,を思い出させる,0
406,inspire,触発する,0
407,fascinate,を魅了する,0
408,emphasize,を強調する,0
409,recommend,を勧める,0
410,propose,を提案する,0
411,distinguish,を区別する,0
412,complicate,を複雑にする,0
413,transform,を変える,0
414,credit,(功績など)を帰する,0
415,reserve,を保留する,0
416,oppose,に反対する,0
417,deny,に否定する,0
418,reject,に拒否する,0
419,ban,を(法的に)禁止する,0
420,frighten,を怖がらせる,0
421,participate,参加する,0
422,compete,競う,0
423,overcome,を克服する,0
424,arise,生じる,0
425,generate,を生み出す,0
426,obtain,を得る,0
427,employ,を雇う,0
428,import,を輸入する,0
429,handle,を処理する,0
430,repair,を修理する,0
431,cure,を治す,0
432,transport,を輸送する,0
433,deliver,を配達する,0
434,rush,急いでいく,0
435,commit,深く関わる,0
436,hate,をひどく嫌う,0
437,regret,を後悔する,0
438,consist,成る,0
439,translate,を翻訳する,0
440,conclude,と結論付ける,0
441,comfort,快適さ,0
442,facility,施設、設備,0
443,trait,特性,0
444,humanity,人類,0
445,tribe,部族,0
446,elite,エリート,0
447,lawyer,弁護士,0
448,category,部類,0
449,version,版,0
450,diversity,多様性,0
451,proportion,割合,0
452,instrument,器具,0
453,innovation,革新,0
454,weapon,兵器、武器,0
455,dialect,方言,0
456,barrier,障壁,0
457,myth,作り話,0
458,ritual,儀式,0
459,routine,決まりきった仕事,0
460,emergency,緊急(事態),0
461,alarm,不安,0
462,harvest,収穫(物),0
463,grain,穀物,0
464,quantity,量,0
465,budget,予算,0
466,expense,経費,0
467,insurance,保険,0
468,loan,貸付金、融資,0
469,contract,契約,0
470,mammal,哺乳動物,0
471,infant,乳児,0
472,protein,たんぱく質,0
473,tissue,組織,0
474,fault,責任,0
475,neighborhood,地域,0
476,vote,投票,0
477,duty,義務,0
478,psychology,心理学,0
479,intelligent,聡明な,0
480,conscious,意識して、気づいて,0
481,cognitive,認知の,0
482,sensitive,敏感な,0
483,accurate,正確な,0
484,strict,厳格な,0
485,severe,厳しい,0
486,actual,実際の,0
487,visual,視覚の,0
488,FALSE,誤った,0
489,illegal,違法の、不法の,0
490,violent,暴力的な,0
491,millitary,軍の,0
492,civil,市民の,0
493,typical,典型的な,0
494,universal,普遍的な,0
495,constant,耐え間ない,0
496,fundamental,基本的な,0
497,primary,最も重要な,0
498,rare,珍しい、希少な,0
499,convenient,便利な、都合のいい,0
500,enormous,巨大な、莫大な,0
501,concentrate,集中する,0
502,investigate,を調査する,0
503,adjust,を調整する,0
504,arrange,の段取りをつける,0
505,alter,を変える,0
506,confirm,を確認する,0
507,absorb,を吸収する,0
508,expose,をさらす,0
509,transfer,を移す,0
510,abandon,を捨てる,0
511,injure,を傷つける,0
512,recover,回復する,0
513,praise,を賞賛する,0
514,favor,に賛成する,0
515,celebrate,を祝う,0
516,guarantee,を保証する,0
517,ensure,を確実にする,0
518,award,を授与する,0
519,grant,を与える,0
520,permit,を許可する,0
521,disappoint,を失望させる,0
522,embarrass,に恥ずかしい思いをさせる,0
523,bother,を悩ます,0
524,upset,を動揺させる,0
525,inform,に知らせる,0
526,warn,警告する,0
527,command,と命じる,0
528,imply,を暗に意味する,0
529,pretend,のふりをする,0
530,interpret,を解釈する,0
531,react,反応する,0
532,interact,影響しあう,0
533,differ,異なる,0
534,breathe,呼吸する,0
535,stare,じっと見る,0
536,breed,を飼育する、繁殖させる,0
537,melt,溶ける,0
538,invest,投資する,0
539,manufacture,を製造する,0
540,construct,を建設する,0
541,wisdom,知恵,0
542,insight,洞察力、見識,0
543,discipline,規律、しつけ,0
544,habitat,生息地,0
545,territory,領土,0
546,colony,植民地,0
547,district,地区,0
548,shelter,避難(所)、保護,0
549,landscape,風景,0
550,inhabitant,住民,0
551,depression,憂うつ,0
552,nerve,神経,0
553,wound,傷,0
554,symptom,症状,0
555,therapy,療法,0
556,welfare,福祉,0
557,incident,出来事、事件,0
558,witness,目撃者,0
559,glance,ちらっと見ること,0
560,ray,光線,0
561,ingredient,成分、材料,0
562,agent,仲介者、代理人,0
563,fee,料金,0
564,sacrifice,犠牲,0
565,burden,負担,0
566,layer,層,0
567,row,列,0
568,instruction,指示,0
569,editor,編集者,0
570,stuff,物,0
571,mission,使命,0
572,procedure,手続き,0
573,immigration,移住,0
574,hybrid,ハイブリッド車,0
575,opponent,相手,0
576,outcome,結果,0
577,equality,平等、対等,0
578,reputation,評判,0
579,capable,能力がある,0
580,proper,適切な,0
581,sufficient,十分,0
582,reasonable,合理的な,0
583,linguistic,言語の,0
584,verbal,言葉の,0
585,bilingual,2言語を使う,0
586,contemporary,現代の,0
587,conventional,従来の,0
588,overall,全体的な,0
589,widespread,広範囲にわたる,0
590,domestic,家庭の,0
591,distant,遠い,0
592,nuclear,核の、原子力の,0
593,thick,厚い,0
594,contrary,反対の,0
595,virtual,仮想の,0
596,aggressive,攻撃的な,0
597,evil,邪悪な,0
598,elementary,初級の,0
599,annual,一年間の,0
600,immediate,即座の,0
601,admire,感嘆する,0
602,approve,賛成する,0
603,devote,をささげる,0
604,pursue,追求する,0
605,dominate,を支配する,0
606,possess,を所有している,0
607,occupy,(空間・時間)を占める,0
608,secure,を確保する,0
609,capture,を捕らえる,0
610,lend,を貸す,0
611,rent,を貸借りする,0
612,persuade,を説得する,0
613,urge,を促す,0
614,stimulate,を刺激する,0
615,annoy,を悩ます,0
616,scare,をおびえさせる,0
617,crash,衝突する、墜落する,0
618,collapse,崩壊する,0
619,remark,と述べる,0
620,illustrate,を説明する,0
621,protest,抗議する,0
622,declare,を宣言する,0
623,isolate,を孤立させる,0
624,accompany,に同行する,0
625,surround,を取り巻く,0
626,endanger,を危険にさらす,0
627,exhaust,を疲れ果てさせる,0
628,disturb,をかき乱す,0
629,puzzle,を当惑させる,0
630,quit,をやめる,0
631,cope,上手く処理する,0
632,enhance,(価値など)高める,0
633,ease,を軽減する,0
634,apologize,謝る,0
635,acknowledge,を認める,0
636,resemble,に似ている,0
637,swallow,飲み込む,0
638,distribute,を分配する,0
639,export,輸出する,0
640,launch,を開始する,0
641,justice,公正、正義,0
642,courage,勇気,0
643,passion,情熱,0
644,bond,絆,0
645,companion,連れ,0
646,mood,気分,0
647,prejudice,偏見,0
648,discrimination,差別,0
649,priority,優先(事項),0
650,globe,地球,0
651,hemisphere,半球,0
652,boundary,境界(線),0
653,asteroid,小惑星,0
654,gravity,重力、引力,0
655,component,構成要素,0
656,liquid,液体,0
657,orbit,軌道,0
658,trace,痕跡,0
659,treasure,宝物,0
660,logic,論理,0
661,council,議会,0
662,profession,職業,0
663,secretary,秘書,0
664,jury,陪審,0
665,physician,内科医,0
666,surgeon,外科医,0
667,guard,護衛者,0
668,license,免許,0
669,grocery,食料雑貨,0
670,litter,ごみ,0
671,drought,干ばつ,0
672,blaze,炎,0
673,trap,わな,0
674,fate,運命,0
675,luxury,ぜいたく,0
676,exception,例外,0
677,sum,金額,0
678,conservation,保護,0
679,democratic,民主主義の,0
680,numerous,非常に数の多い,0
681,minor,小さい,0
682,superior,よりすぐれた,0
683,principal,主要な,0
684,crucial,重要な,0
685,vital,必要不可欠な,0
686,rational,理性的な,0
687,anxious,心配して,0
688,curious,好奇心の強い,0
689,rude,無礼な,0
690,remote,遠く離れた,0
691,tropical,熱帯の,0
692,marine,海の,0
693,extraordinary,異常な,0
694,odd,奇妙な,0
695,biological,生物学（上）の,0
696,racial,人種の、民族の,0
697,initial,初めの,0
698,distinct,明らかに異なる,0
699,pure,純粋な,0
700,exact,正確な,0
701,sustain,を持続させる,0
702,defend,を防御する,0
703,foster,を促進する,0
704,pile,を積み重ねる,0
705,attach,を付ける,0
706,pour,を注ぐ,0
707,load,に積む,0
708,stretch,を伸ばす,0
709,convey,を伝える,0
710,derive,由来する,0
711,tap,有効活用する,0
712,calculate,を計算する,0
713,suspect,でないかと思う,0
714,detect,を感知する,0
715,attribute,(結果など)を帰する,0
716,evaluate,を評価する,0
717,accuse,を非難する,0
718,sue,を告訴する,0
719,retire,引退する、退職する,0
720,shrink,縮む,0
721,bow,お辞儀する,0
722,peer,じっと見る,0
723,delight,を喜ばせる,0
724,relieve,を和らげる,0
725,discourage,にやる気をなくさせる,0
726,frustrate,を挫折させる,0
727,neglect,を怠る,0
728,resist,に抵抗する,0
729,restrict,を制限する,0
730,eliminate,を取り除く,0
731,beat,打つ,0
732,defeat,を負かす,0
733,punish,を罰する,0
734,prohibit,を禁止する,0
735,deserve,に値する,0
736,pose,を提起する,0
737,fold,を折りたたむ,0
738,monitor,を監視する,0
739,specialize,専門とする,0
740,accomplish,を成し遂げる,0
741,faith,信頼,0
742,ambition,野望,0
743,enthusiasm,熱情,0
744,honor,栄光,0
745,discount,割引,0
746,fare,(乗り物の)料金,0
747,frame,枠、縁,0
748,mode,方式,0
749,architecture,建築,0
750,sequence,一連,0
751,usage,語法,0
752,abuse,濫用,0
753,pesticide,殺虫剤,0
754,pollen,花粉,0
755,prefecture,県、府,0
756,geography,地理,0
757,administration,管理,0
758,candidate,候補,0
759,rubbish,ごみ,0
760,bias,偏見,0
761,vice,悪,0
762,debt,借金,0
763,prospect,見込み,0
764,expedition,遠征,0
765,session,集まり,0
766,semester,学期,0
767,reef,礁,0
768,mineral,鉱物,0
769,sibling,きょうだい,0
770,proverb,ことわざ,0
771,instinct,本能,0
772,minimum,最小限度,0
773,millennium,千年間、千世紀,0
774,donor,寄贈者,0
775,herd,群れ,0
776,league,連盟,0
777,cooperation,協力,0
778,fairy,妖精の,0
779,precise,正確な,0
780,intense,強烈な,0
781,solid,固体の,0
782,permanent,永続的な,0
783,brief,短い,0
784,flexible,融通の利く、柔軟な,0
785,informal,形式ばらない、略法の,0
786,temporary,一時的な,0
787,frequent,頻繁な,0
788,visible,(目に)見える,0
789,external,外部の,0
790,internal,内部の,0
791,plain,明らかな,0
792,modest,謙虚な,0
793,equivalent,等しい、相当する,0
794,incredible,信じられない,0
795,guilty,罪悪感ある,0
796,raw,生の,0
797,manual,体を使う,0
798,literary,文学の,0
799,artificial,人工の,0
800,sophisticated,洗練された,0
801,polish,を磨く,0
802,embrace,を受け入れる,0
803,compose,を構成する,0
804,imitate,をまねる,0
805,yield,をもたらす,0
806,exhibit,を展示する,0
807,impress,を感動させる,0
808,overwhelm,を圧倒する,0
809,interrupt,を中断させる,0
810,endure,に耐える,0
811,confront,に立ち向かう,0
812,consult,相談する,0
813,bump,に偶然出会う,0
814,dispute,に異議を唱える,0
815,negotiate,交渉する,0
816,justify,を正当化する,0
817,resolve,を解決する,0
818,reverse,を逆転させる,0
819,convert,を変える,0
820,impose,を課す,0
821,govern,支配する,0
822,esteem,を尊敬する,0
823,assist,援助する,0
824,rescue,を救う,0
825,entertain,を楽しませる,0
826,ruin,をだめにする,0
827,bury,を埋める,0
828,owe,に借りがある,0
829,chew,噛む,0
830,bend,を曲げる,0
831,quote,を引用する,0
832,classify,を分類する,0
833,seal,を密閉する,0
834,arrest,を逮捕する,0
835,substitute,を代わりに使う,0
836,retain,を保持する,0
837,restore,を回復させる,0
838,float,浮かぶ,0
839,leap,跳ぶ,0
840,blossom,花が咲く,0
841,merit,利点,0
842,faculty,能力,0
843,charm,魅力,0
844,nutrition,栄養,0
845,beverage,飲み物、飲料,0
846,recipe,調理法、レシピ,0
847,molecule,分子,0
848,ecology,生態学,0
849,ethics,倫理、道徳,0
850,mankind,人類,0
851,nationality,国籍,0
852,pension,年金,0
853,scheme,計画,0
854,haven,避難所、保護区,0
855,formation,形成,0
856,skeleton,骨格,0
857,core,核心,0
858,stem,茎、幹,0
859,span,期間,0
860,limitation,制限,0
861,obstacle,障害,0
862,province,州、県,0
863,galaxy,星雲、銀河,0
864,sensation,感覚,0
865,sympathy,同情,0
866,pity,哀れみ,0
867,tragedy,悲劇,0
868,divorce,離婚,0
869,theft,窃盗,0
870,panic,狼狽、パニック,0
871,retreat,退却、後退,0
872,jail,刑務所、拘置所,0
873,blade,刃,0
874,stroke,脳卒中,0
875,clue,手がかり,0
876,queue,列,0
877,enterprise,企業,0
878,fortune,財産,0
879,stable,安定した,0
880,steady,着実な,0
881,mature,成熟した,0
882,eager,熱望して,0
883,reluctant,気が進まない、嫌がる,0
884,humorous,ひょうきんな,0
885,fluent,流暢な,0
886,prime,最も重要な、第一の,0
887,precious,貴重な,0
888,artistic,芸術的な,0
889,ethnic,民族の、人種の,0
890,primitive,原始的な,0
891,federal,連邦(政府)の,0
892,royal,王の,0
893,mutual,相互の,0
894,apparent,明白な,0
895,casual,何気ない,0
896,slight,わずかな,0
897,mere,単なる、ほんの,0
898,spare,余分の,0
899,abstract,抽象的な,0
900,ultimate,究極の,0
901,venture,危険を冒して進む,0
902,chase,追跡する,0
903,migrate,移住する,0
904,flee,逃げる,0
905,swing,を揺らす、振る,0
906,hesitate,躊躇する,0
907,postpone,を延期する,0
908,withdraw,を引き出す,0
909,grip,を握る,0
910,grab,を掴む,0
911,grasp,を把握する,0
912,gaze,じっと見る,0
913,scan,を注意深く調べる,0
914,forecast,を予想する,0
915,register,を記録する、登録する,0
916,adovocate,を主張する,0
917,trigger,を引き起こす,0
918,cultivate,を養う,0
919,qualify,(人)に資格を与える,0
920,interfere,干渉する、介入する,0
921,clog,を詰まらせる,0
922,distract,(注意など)をそらす,0
923,forbid,を禁じる,0
924,deceive,をだます,0
925,overlook,を見落とす,0
926,dismiss,を退ける,0
927,spoil,を台無しにする,0
928,yawn,あくびをする,0
929,greet,に挨拶する,0
930,nod,うなずく,0
931,obey,に従う,0
932,undergo,を経験する,0
933,rear,を育てる,0
934,heal,を治す,0
935,cite,を引き合いに出す,0
936,modify,を修正する,0
937,exaggerate,誇張する,0
938,burst,破裂する,0
939,thrill,をぞくぞくさせる,0
940,exceed,を越える,0
941,privilege,特権、特典,0
942,liberty,自由,0
943,prosperity,繁栄,0
944,heritage,遺産,0
945,congress,(米国などの)議会,0
946,parliament,（英国などの）議会,0
947,infrastructure,(経済)基盤,0
948,dimension,側面、局面,0
949,portion,部分,0
950,supplement,栄養補助剤,0
951,appetite,食欲,0
952,temper,気質、気性,0
953,fancy,(気まぐれな)好み,0
954,illusion,錯覚、思い違い,0
955,fatigue,疲労,0
956,stress,ストレス,0
957,hazard,危険,0
958,infection,感染（症）,0
959,famine,飢饉,0
960,chaos,混沌、大混乱,0
961,distress,苦悩,0
962,shame,恥,0
963,cattle,牛,0
964,predator,捕食動物,0
965,wilderness,荒野,0
966,shade,陰,0
967,monk,修道士、僧,0
968,priest,聖職者,0
969,funeral,葬式,0
970,transition,移り変わり,0
971,cuirculation,循環,0
972,adolescent,青年,0
973,equation,方程式,0
974,patent,特許,0
975,metaphor,隠喩,0
976,narrative,物語、話,0
977,consent,同意、承諾,0
978,dignity,尊厳,0
979,relevant,関係がある,0
980,adequate,十分な,0
981,genuine,本物の,0
982,prompt,迅速な,0
983,intimate,親密な,0
984,alert,警戒して,0
985,conservative,保守的な,0
986,indifferent,無関心な,0
987,alien,異質の,0
988,random,無作為の,0
989,subtle,微妙な,0
990,moderate,適度な,0
991,multiple,多様な,0
992,polar,極地の,0
993,arctic,北極の,0
994,acid,酸性の,0
995,cosmetic,化粧の、美容の,0
996,extinct,絶滅した,0
997,spiritual,精神の,0
998,meaningful,意味のある,0
999,mechanical,機械の,0
1000,dynamic,活動的な,0
1001,boost,を高める,0
1002,reinforce,を強化する,0
1003,accumulate,を蓄積する,0
1004,nurture,をはぐくむ,0
1005,accustom,(人)を慣れさせる,0
1006,correspond,一致する,0
1007,assign,を配属する,0
1008,regulate,を規制する,0
1009,violate,を侵害する,0
1010,irritate,をいらいらさせる,0
1011,insult,を侮辱する,0
1012,diminish,を減らす,0
1013,exclude,を除外する,0
1014,rob,から（金品を）奪う,0
1015,deprive,から(権利などを)奪う,0
1016,deposit,を置く,0
1017,twist,をねじる、ひねる,0
1018,blend,を混ぜる,0
1019,mount,に着手する,0
1020,pitch,を投げる,0
1021,cast,を投じる,0
1022,dump,を投棄する,0
1023,anticipate,を予期する,0
1024,assess,を評価する,0
1025,pronounce,を宣言する,0
1026,spell,をつづる,0
1027,portray,を描く,0
1028,astonish,を驚かす,0
1029,emit,を出す,0
1030,cough,咳をする,0
1031,wander,歩き回る,0
1032,drift,漂う,0
1033,cease,をやめる,0
1034,underlie,の根底にある,0
1035,constitute,を構成する,0
1036,resort,訴える,0
1037,decorate,を装飾する,0
1038,reform,を改革する,0
1039,conquer,を征服する,0
1040,persist,固執する,0
1041,incentive,動機,0
1042,intuition,直感,0
1043,impulse,衝動,0
1044,fantasy,空想,0
1045,destiny,運命,0
1046,virtue,美徳,0
1047,compliment,賛辞,0
1048,anniversary,記念日,0
1049,hive,ミツバチの巣,0
1050,nursery,託児所,0
1051,dormitory,寮,0
1052,gallery,美術館、画廊,0
1053,mill,製造工場,0
1054,output,生産,0
1055,joint,関節,0
1056,phase,段階,0
1057,particle,粒子,0
1058,column,コラム,0
1059,margin,余白,0
1060,crack,割れ目,0
1061,mess,散らかった状態,0
1062,spectator,観客,0
1063,prey,獲物,0
1064,irrigation,灌漑,0
1065,fluid,流動体、液体,0
1066,prairie,大草原,0
1067,estate,財産,0
1068,plot,筋,0
1069,realm,領域,0
1070,deadline,締めきり,0
1071,poll,世論調査,0
1072,census,国勢調査,0
1073,controversy,論争,0
1074,combat,戦闘,0
1075,consensus,総意,0
1076,treaty,条約,0
1077,remedy,治療,0
1078,triumph,勝利,0
1079,competent,有能な,0
1080,brilliant,素晴らしい,0
1081,sensible,賢明な,0
1082,generous,寛大な,0
1083,brave,勇敢な,0
1084,optimistic,楽観的な,0
1085,passive,受動的な,0
1086,harsh,厳しい,0
1087,ugly,醜い,0
1088,sensory,感覚の,0
1089,oral,口頭の,0
1090,awkward,気まずい,0
1091,neutral,中立の,0
1092,vague,漠然とした,0
1093,urgent,緊急の,0
1094,inevitable,避けられない,0
1095,concrete,具体的な,0
1096,abundant,豊富な,0
1097,sacred,神聖な,0
1098,prominent,卓越した,0
1099,dense,密集した、密度の高い,0
1100,profound,重大な,0
1101,tackle,に取り組む,0
1102,dedicate,をささげる,0
1103,dare,あえて～する,0
1104,accelerate,（を）加速する、促進する,0
1105,transmit,を伝える,0
1106,strain,に負担をかける,0
1107,tempt,を引き付ける,0
1108,amuse,をおもしろがらせる,0
1109,disgust,をむかつかせる,0
1110,cheat,をだます,0
1111,confine,を限定する,0
1112,conceal,を隠す,0
1113,forgive,を許す,0
1114,discard,を捨てる,0
1115,convict,に有罪を宣告する,0
1116,commute,通勤する,0
1117,whisper,ささやく,0
1118,fade,薄れる,0
1119,starve,飢える,0
1120,vanish,消える,0
1121,drain,を流出させる,0
1122,dip,を浸す,0
1123,crush,を押しつぶす,0
1124,explode,爆発する,0
1125,terrify,を怖がらせる,0
1126,exploit,を活用する,0
1127,elect,を選出する,0
1128,equip,に備え付ける,0
1129,fulfill,を実現させる,0
1130,log,(log onで)ログオンする,0
1131,inherit,を受け継ぐ,0
1132,submit,を提出する,0
1133,renew,を更新する,0
1134,reproduce,を複製する,0
1135,flourish,繁栄する,0
1136,thrive,繁栄する,0
1137,spill,をこぼす,0
1138,scatter,を撒き散らす,0
1139,sprawl,不規則に広がる,0
1140,prevail,普及している,0
1141,intellect,知性,0
1142,courtesy,礼儀正しさ,0
1143,posture,姿勢,0
1144,sociology,社会学,0
1145,motive,動機,0
1146,cue,合図,0
1147,utility,公共事業,0
1148,chore,雑用,0
1149,cereal,穀物,0
1150,fiber,繊維,0
1151,intake,摂取量,0
1152,scent,香り,0
1153,flavor,風味,0
1154,mixture,混合物,0
1155,ratio,比率,0
1156,counterpart,相当するもの,0
1157,patch,小区画の土地,0
1158,flock,群れ,0
1159,pedestrian,歩行者,0
1160,librarian,司書、図書館員,0
1161,draft,下書き,0
1162,formula,方法,0
1163,commodity,商品,0
1164,asset,資産,0
1165,currency,通貨,0
1166,tide,潮,0
1167,abortion,妊娠中絶,0
1168,toll,損害,0
1169,penalty,罰,0
1170,deforestation,森林伐採,0
1171,microbe,細菌,0
1172,outbreak,発生、勃発,0
1173,epidemic,流行病,0
1174,syndrome,症候群,0
1175,outlet,直売店,0
1176,perfume,香水、香料,0
1177,reception,歓迎会,0
1178,recipient,受け取る人,0
1179,keen,熱心な,0
1180,decent,そこそこの,0
1181,mild,穏やかな,0
1182,humble,謙虚な,0
1183,noble,高貴な,0
1184,selfish,利己的な,0
1185,cruel,残酷な,0
1186,ridiculous,ばかげた,0
1187,deaf,耳が聞こえない,0
1188,grateful,感謝している,0
1189,elaborate,入念な,0
1190,rough,粗い,0
1191,bitter,苦い,0
1192,radical,急進的な,0
1193,collective,集団の,0
1194,exotic,外来の,0
1195,steep,急な,0
1196,shallow,浅い,0
1197,parallel,平行の,0
1198,probable,十分にありそうな,0
1199,absolute,絶対的な,0
1200,aesthetic,美的な,0
1201,proceed,進行する,0
1202,bloom,花が咲く,0
1203,assert,を主張する,0
1204,bet,と確信する,0
1205,boast,を誇る,0
1206,beg,に切に頼む,0
1207,compromise,妥協する,0
1208,inquire,（を）尋ねる,0
1209,yell,叫ぶ、怒鳴る,0
1210,bully,をいじめる,0
1211,descend,（を）降りる,0
1212,crawl,はう,0
1213,lean,かがむ,0
1214,spin,を回転させる,0
1215,drown,溺死する,0
1216,split,を分割する,0
1217,revive,を復活させる,0
1218,sigh,ため息をつく,0
1219,refrain,控える,0
1220,sweep,（を）掃く,0
1221,knit,編み物をする,0
1222,cram,を詰め込む,0
1223,digest,を消化する,0
1224,suppress,を抑える,0
1225,offend,の気分を害する,0
1226,compensate,補償する,0
1227,compound,を悪化させる,0
1228,comprise,から成る,0
1229,transplant,を移植する,0
1230,uncover,を暴く,0
1231,extract,を取り出す,0
1232,recruit,を募る,0
1233,entitle,に権利を与える,0
1234,appoint,を任命する,0
1235,install,を設置する,0
1236,enforce,を施行する,0
1237,implement,を実行する,0
1238,manipulate,を操る,0
1239,refine,を精製する,0
1240,attain,を獲得する、達成する,0
1241,quest,探究,0
1242,outlook,態度、見解,0
1243,premise,前提,0
1244,unity,統合,0
1245,fabric,織物,0
1246,thread,筋道,0
1247,craftsman,職人,0
1248,sculpture,彫刻,0
1249,sphere,球体,0
1250,curve,カーブ,0
1251,profile,人物の紹介,0
1252,fingerprint,指紋,0
1253,criterion,基準,0
1254,altitude,高度、標高,0
1255,tuition,授業料,0
1256,stake,杭,0
1257,acquaintance,知人,0
1258,discourse,会話,0
1259,gratitude,感謝,0
1260,worship,崇拝,0
1261,caution,用心,0
1262,horror,恐怖,0
1263,decay,腐敗,0
1264,defect,欠陥,0
1265,troop,軍隊,0
1266,grave,墓,0
1267,ranch,牧場,0
1268,republic,共和国,0
1269,county,郡,0
1270,cottage,小別荘,0
1271,commerce,商業,0
1272,recession,不況,0
1273,despair,絶望,0
1274,spray,噴霧,0
1275,compassion,同情,0
1276,offspring,子孫,0
1277,cortex,皮質,0
1278,fame,名声,0
1279,worthwhile,価値がある,0
1280,valid,妥当な,0
1281,thorough,徹底的な,0
1282,tremendous,途方も無い、莫大な,0
1283,empirical,経験的な,0
1284,secondary,二次的な,0
1285,subsequent,その後の,0
1286,innate,生まれながらの,0
1287,interior,室内の,0
1288,bare,裸の,0
1289,innocent,無罪の,0
1290,delicate,繊細な,0
1291,ambiguous,曖昧な,0
1292,fragile,壊れやすい,0
1293,awful,ひどい,0
1294,inferior,より劣った,0
1295,ashamed,恥じて,0
1296,medieval,中世の,0
1297,stern,厳しい,0
1298,tense,張り詰めた、緊張した,0
1299,imperial,帝国の,0
1300,magnificent,壮大な,0
1301,integrate,を統合する,0
1302,incorporate,を取り入れる,0
1303,utilize,を利用する,0
1304,revise,を修正する,0
1305,prolong,を長引かせる,0
1306,lessen,を少なくする,0
1307,stir,をかきまわす,0
1308,drag,を引きずる,0
1309,scrub,（を）磨く,0
1310,strip,を（から）取り去る,0
1311,squeeze,を押し込む,0
1312,shed,を捨て去る,0
1313,plug,(plug inで）を電源に差し込む,0
1314,distort,を歪める,0
1315,disrupt,を混乱させる,0
1316,devastate,を荒らす,0
1317,worsen,を悪化させる,0
1318,abolish,を廃止する,0
1319,regain,を取り戻す,0
1320,exert,を及ぼす,0
1321,precede,に先行する,0
1322,lag,遅れる,0
1323,converse,会話をする,0
1324,utter,を発する,0
1325,outline,の要点を述べる,0
1326,conform,順応する,0
1327,designate,を指定する,0
1328,assure,に自信を持って言う,0
1329,reassure,を安心させる,0
1330,console,を慰める,0
1331,induce,を引き起こす,0
1332,oblige,に義務付ける,0
1333,compel,に強いる,0
1334,provoke,を引き起こす,0
1335,bathe,を風呂に入れる,0
1336,bleed,出血する,0
1337,cruise,（を）巡航する,0
1338,soar,急上昇する,0
1339,symbolize,を象徴する,0
1340,comprehend,を理解する,0
1341,protocol,議定書,0
1342,domain,分野,0
1343,index,指標,0
1344,transaction,取引,0
1345,fragment,断片,0
1346,fraction,わずか,0
1347,bug,虫,0
1348,germ,細菌,0
1349,diagnosis,診断,0
1350,obsession,妄想,0
1351,nightmare,悪夢,0
1352,paradox,逆説,0
1353,irony,皮肉,0
1354,sorrow,悲しみ,0
1355,maximum,最大限,0
1356,excess,過剰、超過,0
1357,frontier,国境,0
1358,refuge,避難所,0
1359,timber,木材,0
1360,slavery,奴隷制度,0
1361,hierarchy,階層制,0
1362,bureau,局,0
1363,supervisor,監督者,0
1364,spouse,配偶者,0
1365,rebel,反逆者,0
1366,pastime,気晴らし,0
1367,feast,祝宴,0
1368,basin,洗面器,0
1369,sewage,下水,0
1370,scenery,景色,0
1371,tomb,墓,0
1372,landmark,目印,0
1373,monument,記念碑,0
1374,flesh,肉,0
1375,garment,衣服,0
1376,glimpse,ちらりと見えること,0
1377,glow,輝き,0
1378,grace,優美,0
1379,sincere,誠実な,0
1380,bold,大胆な,0
1381,tame,飼いならされた,0
1382,vulnerable,もろい,0
1383,naked,裸の,0
1384,immune,免疫を持つ,0
1385,chronic,慢性の,0
1386,gradual,徐々の,0
1387,scarce,乏しい,0
1388,toxic,有毒な,0
1389,accidental,偶然の,0
1390,irrelevant,無関係の,0
1391,trivial,些細な,0
1392,indispensable,不可欠な,0
1393,indigenous,原産の、先住の,0
1394,prehistoric,有史以前の,0
1395,holy,神聖な,0
1396,retail,小売の,0
1397,metropolitan,大都市の、首都圏の,0
1398,straightforward,単純な,0
1399,vivid,鮮やかな,0
1400,outstanding,際立った,0
1401,enrich,を豊かにする,0
1402,undertake,を引き受ける,0
1403,accommodate,を収容する,0
1404,assemble,を集める,0
1405,embody,を具現する,0
1406,weave,を織る,0
1407,retrieve,を回収する,0
1408,clap,（手）を叩く,0
1409,scratch,を引っかく,0
1410,erase,を消す,0
1411,sew,を縫う,0
1412,cling,しがみつく,0
1413,resign,辞任する,0
1414,startle,をびっくりさせる,0
1415,evoke,を呼び起こす,0
1416,clarify,を明確にする,0
1417,confess,告白する,0
1418,pray,祈る,0
1419,tolerate,を許容する、我慢する,0
1420,envy,をうらやむ,0
1421,revenge,復讐する,0
1422,depart,出発する,0
1423,overtake,を追い抜く,0
1424,invade,を侵略する,0
1425,penetrate,の内部に入る,0
1426,enclose,を同封する,0
1427,leak,漏れる,0
1428,flush,を紅潮させる,0
1429,sparkle,輝く,0
1430,erupt,噴火する,0
1431,dye,を染める,0
1432,halt,を止める,0
1433,suspend,を停職処分にする,0
1434,surpass,を上回る,0
1435,steer,操縦する,0
1436,navigate,航行する,0
1437,contradict,と矛盾する,0
1438,contend,と主張する,0
1439,dissolve,を溶かす,0
1440,strive,努力する,0
1441,legacy,遺産,0
1442,rumor,うわさ,0
1443,verse,韻文,0
1444,manuscript,原稿,0
1445,script,台本,0
1446,prose,散文,0
1447,headline,見出し,0
1448,diameter,直径,0
1449,vacuum,真空,0
1450,flame,炎,0
1451,moisture,水分,0
1452,erosion,侵食,0
1453,peninsula,半島,0
1454,suicide,自殺,0
1455,sin,罪,0
1456,taboo,禁忌、タブー,0
1457,rage,激怒,0
1458,greed,強欲,0
1459,boredom,退屈,0
1460,misery,悲惨,0
1461,plague,疫病,0
1462,orphan,孤児,0
1463,liver,肝臓,0
1464,trail,跡,0
1465,aisle,通路,0
1466,laundry,洗濯,0
1467,merchandise,商品,0
1468,bargain,買い得品,0
1469,revenue,歳入,0
1470,deficit,赤字、不足,0
1471,amateur,素人、アマチュア,0
1472,undergraduate,学部学生,0
1473,ambassador,大使,0
1474,warrior,戦士,0
1475,warfare,戦争(行為）,0
1476,botany,植物学,0
1477,anthropology,人類学,0
1478,ideorogy,イデオロギー、思考傾向,0
1479,voluntary,自発的な,0
1480,spontaneous,自然発生的な,0
1481,deliberate,故意の,0
1482,conspicuous,目立つ,0
1483,transparent,透明な,0
1484,superficial,表面的な,0
1485,hollow,空洞の,0
1486,peculiar,特有の,0
1487,partial,部分的な,0
1488,neat,きちんとした,0
1489,dim,薄暗い,0
1490,alternate,代わりの,0
1491,commonplace,当たり前の,0
1492,jealous,嫉妬深い,0
1493,hostile,敵意のある,0
1494,ripe,熟した,0
1495,pregnant,妊娠した,0
1496,fertile,肥沃な,0
1497,fierce,猛烈な,0
1498,drastic,徹底的な,0
1499,immense,膨大な,0
1500,supreme,最高の,0
1501,excel,秀でている,0
1502,swell,膨張する、腫れる,0
1503,bounce,跳ねる,0
1504,roam,歩き回る,0
1505,stray,はぐれる,0
1506,emigrate,移住する,0
1507,mutter,つぶやく,0
1508,murmur,ささやく,0
1509,chuckle,くすくす笑う,0
1510,choke,をむせさせる,0
1511,frown,眉をひそめる,0
1512,roar,うなる、ほえる,0
1513,shiver,震える,0
1514,tremble,震える,0
1515,shave,をそる,0
1516,misunderstand,誤解する,0
1517,soothe,をなだめる,0
1518,lure,を誘惑する,0
1519,mock,をばかにする,0
1520,tease,からかう,0
1521,despise,を軽蔑する,0
1522,disregard,を無視する,0
1523,betray,をうっかり表す,0
1524,aspire,熱望する,0
1525,seize,をつかむ,0
1526,fetch,をもってくる、連れてくる,0
1527,rub,こする,0
1528,flap,ぱたぱたと動く,0
1529,plunge,突っ込む,0
1530,insert,を挿入する,0
1531,dispose,を処分する,0
1532,withstand,に耐える,0
1533,hinder,を妨げる,0
1534,resume,再開する,0
1535,unify,を統合する,0
1536,staple,必需食品,0
1537,soybean,大豆,0
1538,bud,芽,0
1539,vegetation,植物,0
1540,limb,手足,0
1541,wrinkle,しわ,0
1542,sentiment,感情,0
1543,grief,深い悲しみ,0
1544,curse,呪い,0
1545,torture,拷問,0
1546,mercy,慈悲,0
1547,coward,臆病者,0
1548,predecessor,前任者,0
1549,psychiatrist,精神科医,0
1550,thesis,論文,0
1551,mutation,突然変異,0
1552,diabetes,糖尿病,0
1553,bullet,銃弾,0
1554,cluster,集団の,0
1555,shield,盾、防御物,0
1556,gear,器具,0
1557,vessel,船舶,0
1558,tactics,戦術,0
1559,breakdown,崩壊,0
1560,reunion,再会,0
1561,knot,結び目,0
1562,probe,宇宙探査用ロケット,0
1563,radiation,放射能、放射線,0
1564,tablet,錠剤,0
1565,vapor,蒸気,0
1566,thermometer,温度計、体温計,0
1567,signature,署名,0
1568,triangle,三角形,0
1569,geometry,幾何学,0
1570,feat,偉業,0
1571,applause,拍手,0
1572,glory,栄光,0
1573,diligent,勤勉な,0
1574,earnest,まじめな、熱心な,0
1575,loyal,忠実な,0
1576,stubborn,頑固な,0
1577,rigid,厳しい,0
1578,stiff,硬直した,0
1579,timid,臆病な,0
1580,idle,ぶらぶらしている,0
1581,dump,ばかげた,0
1582,obese,肥満した,0
1583,disabled,障害のある,0
1584,clumsy,不器用な,0
1585,punctual,時間を守る,0
1586,absurd,ばかげた,0
1587,uneasy,不安な,0
1588,nasty,不快な,0
1589,naughty,いたづらな,0
1590,tidy,きちんとした,0
1591,decisive,決定的な,0
1592,upright,真っ直ぐな,0
1593,vertical,垂直の,0
1594,gloomy,陰気な,0
1595,obscure,人目につかない,0
1596,antique,骨董の,0
1597,sole,唯一の,0
1598,sheer,純然たる、真の,0
1599,marvelous,すばらしい,0
1600,splendid,すばらしい,0
1601,cherish,を心に抱く,0
1602,nourish,に栄養を与える,0
1603,hatch,を孵化させる,0
1604,enlarge,を拡大する,0
1605,furnish,に備え付ける,0
1606,indulge,ふける,0
1607,surrender,屈する,0
1608,kneel,ひざまずく,0
1609,stumble,つまずく,0
1610,wither,しおれる,0
1611,creep,忍び込む,0
1612,ache,痛む,0
1613,await,を待つ,0
1614,foresee,を予知する,0
1615,illuminate,を照らす,0
1616,dread,をひどく恐れる,0
1617,depict,を描く,0
1618,signify,を意味する,0
1619,swear,誓う,0
1620,dictate,を指図する,0
1621,recite,を暗唱する,0
1622,enroll,登録する、入会する,0
1623,execute,を実行する,0
1624,fake,を偽造する,0
1625,disguise,を変装させる,0
1626,stain,を汚す,0
1627,bind,を縛る,0
1628,slap,を叩く,0
1629,omit,を省く,0
1630,grind,(穀物など)をひく,0
1631,undermine,を徐々にむしばむ,0
1632,bankrupt,を破産させる,0
1633,extinguish,を消す,0
1634,mend,を修繕する,0
1635,congratulate,を呪う,0
1636,certificate,証明書,0
1637,encyclopedia,百科事典,0
1638,biography,伝記,0
1639,masterpiece,傑作,0
1640,rhyme,詩歌,0
1641,means,手段,0
1642,mold,鋳型,0
1643,scope,範囲,0
1644,bulk,大半,0
1645,trifle,些細なこと,0
1646,pill,錠剤,0
1647,dose,服用量,0
1648,vein,血管,0
1649,odor,におい,0
1650,pilgrim,巡礼者,0
1651,deed,行い,0
1652,carriage,車両,0
1653,mischief,いたずら,0
1654,slaughter,虐殺,0
1655,haste,急ぐこと,0
1656,thirst,（のどの）渇き,0
1657,monarchy,君主制,0
1658,reign,治世,0
1659,heir,相続人,0
1660,pardon,許し,0
1661,legislation,法律,0
1662,cabinet,内閣,0
1663,ward,病棟,0
1664,surplus,余剰,0
1665,arithmetic,計算,0
1666,mercury,水銀,0
1667,monopoly,独占(権),0
1668,friction,不和,0
1669,collision,衝突,0
1670,fusion,融合,0
1671,breakthrough,大発見、飛躍的進歩,0
1672,spectacle,壮観,0
1673,eminent,高名な,0
1674,notable,注目に値する,0
1675,notorious,悪名高い,0
1676,compulsory,義務的な,0
1677,liable,～しがちな,0
1678,inclined,～する傾向がある,0
1679,static,静的な,0
1680,infinite,無限の,0
1681,eternal,永遠の,0
1682,acute,激しい,0
1683,abrupt,突然の,0
1684,swift,素早い,0
1685,faint,かすかな,0
1686,tender,やさしい,0
1687,humid,湿気のある,0
1688,damp,湿った,0
1689,rotten,腐った,0
1690,sour,酸っぱい,0
1691,sore,痛い,0
1692,savage,獰猛な,0
1693,crude,天然の、未精製の,0
1694,approximate,おおよその,0
1695,intermediate,中級の,0
1696,vocational,職業の,0
1697,masculine,男らしい,0
1698,feminine,女らしい,0
1699,superfluous,余分な,0
1700,utmost,最大限の,0
1701,contemplate,熟考する,0
1702,ponder,熟考する,0
1703,meditate,瞑想する,0
1704,conceive,思いつく,0
1705,speculate,推測する,0
1706,presume,と推定する,0
1707,proclaim,を宣言する,0
1708,disclose,を公表する,0
1709,pledge,を誓う,0
1710,exclaim,叫ぶ,0
1711,subscribe,予約購読する,0
1712,mourn,悼む,0
1713,resent,に憤慨する,0
1714,lament,嘆き悲しむ,0
1715,pant,あえぐ,0
1716,suck,吸う,0
1717,soak,を浸す,0
1718,render,を(ある状態に)する,0
1719,rotate,回転する,0
1720,pierce,を貫く、(穴)をあける,0
1721,carve,を彫る,0
1722,divert,(注意など)をそらす,0
1723,expel,を追放する,0
1724,assault,を暴行する,0
1725,intrude,侵害する,0
1726,addict,凝る、中毒になる,0
1727,coincide,同時に起こる,0
1728,ascend,上がる,0
1729,surge,殺到する,0
1730,evaporate,蒸発する,0
1731,expire,期限が切れる,0
1732,ferment,を発酵させる,0
1733,merge,合併する,0
1734,erect,を建てる,0
1735,bless,に恩恵を与える,0
1736,prestige,名声,0
1737,aristocracy,貴族(社会）,0
1738,statesman,政治家,0
1739,senator,上院議員,0
1740,creed,(宗教上)信条,0
1741,vigor,活力,0
1742,dismay,落胆,0
1743,melancholy,憂鬱,0
1744,agony,苦痛,0
1745,anguish,苦悩,0
1746,conscience,良心,0
1747,contempt,軽蔑,0
1748,scorn,軽蔑する,0
1749,apathy,無感動,0
1750,textile,織物,0
1751,symmetry,(左右)対称,0
1752,verge,瀬戸際,0
1753,cavity,虫歯,0
1754,bribe,賄賂,0
1755,riot,暴動,0
1756,exile,亡命者,0
1757,archaeology,考古学,0
1758,specimen,標本,0
1759,ornament,装飾,0
1760,apparatus,器具一式,0
1761,flaw,欠点,0
1762,eclipce,日食、月食,0
1763,astronomy,天文学,0
1764,avitation,航空(学),0
1765,velocity,速度,0
1766,congestion,混雑,0
1767,questionnaire,アンケート,0
1768,parasite,寄生虫,0
1769,personnel,職員、人員,0
1770,advent,出現、到来,0
1771,token,しるし,0
1772,premium,保険料,0
1773,discreet,思慮分別ある,0
1774,wary,用心深い,0
1775,grim,暗い,0
1776,solemn,厳粛な,0
1777,skeptical,懐疑的な,0
1778,dubious,疑わしい,0
1779,vain,無駄な,0
1780,reckless,無謀な,0
1781,ruthless,無慈悲な,0
1782,eloquent,雄弁な,0
1783,furious,激怒した,0
1784,weary,疲れ果てた,0
1785,pessimistic,悲観的な,0
1786,cynical,冷笑的な,0
1787,wicked,邪悪な,0
1788,singular,驚くべき,0
1789,weird,異様な,0
1790,literal,文字通りの,0
1791,explicit,明白な,0
1792,implicit,暗黙の,0
1793,slender,ほっそりとした,0
1794,gross,統計の,0
1795,ultraviolet,紫外線の,0
1796,spatial,空間の,0
1797,vacant,空いている,0
1798,spacious,広々とした,0
1799,ample,十分すぎるほどの,0
1800,affluent,裕福な,0
1801,infer,を推論する,0
1802,discern,を理解する,0
1803,allege,を主張する,0
1804,ascribe,の原因を帰する,0
1805,prescribe,(薬など)処方する,0
1806,comply,従う,0
1807,abide,に従う,0
1808,plead,嘆願する,0
1809,preach,説教する,0
1810,intrigue,に興味を持たせる,0
1811,reconcile,を一致させる,0
1812,intervene,介入する,0
1813,restrain,を制止する,0
1814,humiliate,の自尊心を傷つける,0
1815,reproach,を非難する,0
1816,condemn,を非難する,0
1817,defy,に反抗する,0
1818,revolt,反逆する,0
1819,impair,を損なう,0
1820,inflict,(害など)を負わせる,0
1821,degrade,の価値を下げる,0
1822,deteriorate,悪化する,0
1823,corrupt,を堕落させる,0
1824,contaminate,を汚染する,0
1825,oppress,を抑圧する,0
1826,thrust,を押し付ける,0
1827,embark,乗り出す,0
1828,inspect,を点検する,0
1829,summon,を呼びつける,0
1830,testify,証言する,0
1831,persecute,を迫害する,0
1832,coerce,に強要する,0
1833,unleash,を爆発させる,0
1834,emancipate,を解放する,0
1835,endow,に授ける,0
1836,scrutiny,精査,0
1837,abanogy,類推,0
1838,preoccupation,没頭,0
1839,retrospect,回想,0
1840,conceit,うぬぼれ,0
1841,fallacy,誤った考え,0
1842,hypocrisy,偽善,0
1843,nuisance,厄介,0
1844,delinquency,非行、犯罪,0
1845,hostage,人質,0
1846,lawsuit,(民事)訴訟,0
1847,attorney,弁護士,0
1848,warrant,令状,0
1849,testimony,証言,0
1850,verdict,評決,0
1851,sanction,制裁,0
1852,superstition,迷信,0
1853,folklore,民話,0
1854,anecdote,逸話,0
1855,rhetoric,修辞,0
1856,stall,露店,0
1857,segment,部分,0
1858,synthesis,合成,0
1859,cohesion,結束,0
1860,heredity,遺伝,0
1861,catastrophe,大災害,0
1862,plight,窮状,0
1863,solitude,ひとりでいること,0
1864,ordeal,厳しい試練,0
1865,tyranny,暴政,0
1866,censorship,検閲,0
1867,hygiene,衛生（状態）,0
1868,doctrine,(政策上の)主義,0
1869,diplomacy,外交(的手腕),0
1870,entity,実体,0
1871,sovereigin,君主,0
1872,authentic,本物の,0
1873,legitimate,合法的な,0
1874,intelligible,理解できる,0
1875,inherent,生来の,0
1876,ingenious,独創的な,0
1877,intricate,複雑な,0
1878,homogeneous,均質の,0
1879,monotonous,単調な,0
1880,incessant,絶え間のない,0
1881,perpetual,ひっきりなしの,0
1882,imminent,差し迫った,0
1883,plausible,もっともらしい,0
1884,arbitrary,恣意的な,0
1885,preliminary,予備の、準備の,0
1886,deficient,欠けている,0
1887,subordinate,下位の,0
1888,feudal,封建時代の,0
1889,obsolete,廃れた,0
1890,mortal,致命的な,0
1891,monetary,金銭的な,0
1892,extravagant,浪費する,0
1893,dizzy,めまいがする,0
1894,juvenile,青少年の,0
1895,anonymous,匿名の,0
1896,compatible,互換性のある,0
1897,ubiquitous,いたるところにある,0
1898,divine,神の,0
1899,sober,しらふの,0
1900,zealous,熱心な,0
