1,pupil,児童,0
2,customer,客,0
3,client,依頼人,0
4,patient,患者、忍耐強い,0
5,thief,泥棒,0
6,president,大統領、長,0
7,smell,におい,0
8,taste,味,0
9,address,住所,0
10,court,裁判所,0
11,brain,脳,0
12,tongue,言語、舌,0
13,skin,肌,0
14,blood,血,0
15,tail ,尻尾,1
16,reach,に着く,0
17,spread,を広げる,0
18,flow,流れる,0
19,hang,掛かる、を掛ける,0
20,lift,を持ち上げる,0
21,sink,沈む,0
22,traffic,交通,0
23,board,板、委員会,0
24,feed,に食物を与える,0
25,burn ,を焼く,1
26,fix,を修理をする,0
27,hire,を雇う,0
28,pray,祈る,0
29,marry,と結婚する,0
30,design,を設計する,0
31,wake,目を覚ます,0
32,fear,恐怖,0
33,tear,涙,0
34,seem,～のように見える,0
35,wish,～したい,0
36,expect,を期待する,0
37,wonder,～かしらと思う,0
38,imagine,想像する,0
39,trust,信用する,0
40,cheer,を元気つける,0
41,bill,請求書,0
42,tax,税金,0
43,cost,費用,0
44,profit,利益,0
45,product,製品,0
46,material,材料,0
47,trade,貿易,0
48,doubt,疑い,0
49,respect,尊敬,0
50,rough,荒っぽい,0
51,square,正方形の,0
52,narrow,狭い,0
53,sharp,鋭利な,0
54,roll,転がる,0
55,shake,を揺らす,0
56,blow,吹く,0
57,dig,を彫る,0
58,hide,を隠す,0
59,amount,量,0
60,rate,割合,0
61,quarter,4分の１,0
62,figure,図,0
63,thin,薄い,0
64,flat,平らな,0
65,broad,広い,0
66,thick,厚手の,0
67,movement,運動,0
68,effort,努力,0
69,result,結果,0
70,effect,影響,0
71,discuss,を議論する,0
72,offer,を提供する,0
73,claim,だと主張する,0
74,explain,を説明する,0
75,medicine,薬,0
76,drug,薬,0
77,pain,痛み,0
78,exercise,運動,0
79,clever,頭の良い,0
80,alive,生きている,0
81,empty,空の,0
82,serious,重大な,0
83,terrible,ひどい,0
84,neighbor,近所の人,0
85,conpanion,仲間,0
86,firm,会社,0
87,department,部門,0
88,foreign,外国の,0
89,cheap,安価な,0
90,human,人間の,0
91,social,社会の,0
92,local,地元の,0
93,modern,現代の,0
94,professional,プロの,0
95,society,社会,0
96,duty,義務,0
97,prize,賞,0
98,trouble,面倒なこと,0
99,waste,廃棄物,0
100,information,情報,0
101,future,未来,0
102,period,期間,0
103,moment,瞬間,0
104,support,を支援する,0
105,serve,（食べ物）を出す,0
106,share,を分け合う,0
107,gather,を集める,0
108,belong,のものである,0
109,depend,～次第である,0
110,prefer,～することを好む,0
111,hate,を憎む,0
112,common,普通の,0
113,general,一般的な,0
114,normal,普通の,0
115,regular,いつもの,0
116,public,公の,0
117,personal,個人の,0
118,private,私的な,0
119,anyway,とにかく,0
120,instead,代わりに,0
121,trick,いたずら,0
122,mystery,謎,0
123,error,間違い,0
124,success,成功,0
125,rather,～よりむしろ,0
126,quite,非常に,0
127,nearly,ほとんど,0
128,further,さらに,0
129,former,前の,0
130,whole,全体の,0
131,enough,十分な,0
132,miss,に乗り遅れる,0
133,fail,を怠る,0
134,lie,嘘をつく,0
135,hurt,を傷つける,0
136,suffer,を経験する,0
137,certainly,確かに,0
138,surely,確かに,0
139,probably,たぶん,0
140,maybe,もしかすると,0
141,perhaps,ひょっとすると,0
142,culture,文化,0
143,custom,習慣,0
144,habit,癖,0
145,charge,料金,0
146,sort,種類,0
147,choice,選択,0
148,state,状態,0
149,method,方法,0
150,manner,方法,0
151,order,順序,0
152,plenty,多数,0
153,rest,残り,0
154,arrange,手配する,0
155,fit,ぴったりの,0
156,suit,に似合う,0
157,manage,をなんとかやり遂げる,0
158,prepare,準備を整える,0
159,deal,処理する,0
160,remove,を取り去る,0
161,receive,を受け取る,0
162,interest,関心,0
163,sense,感覚,0
164,attention,注意,0
165,demand,要求,0
166,memory,記憶,0
167,sight,見ること,0
168,view,意見,0
169,lay,を置く,0
170,raise,を育てる,0
171,gentle,やさしい,0
172,wise,賢い,0
173,fair,公平な,0
174,active,活発な,0
175,proud,誇り高い,0
176,honest,正直な,0
177,positive,積極的な,0
178,matter,事柄,0
179,case,場合,0
180,subject,話題,0
181,condition,状態,0
182,danger,危険,0
183,role,役割,0
184,difference,違い,0
185,mistake,誤り,0
186,forward,前へ,0
187,abroad,外国に,0
188,exactly,まさしく,0
189,suddenly,突然,0
190,count,数える,0
191,add,を加える,0
192,collect,を集める,0
193,cause,の原因となる,0
194,create,を創り出す,0
195,produce,を生産する,0
196,branch,分野,0
197,bottom,底,0
198,edge,端,0
199,positoin,位置,0
200,degree,程度,0
201,shape,形,0
202,grade,学年,0
203,contain,を含む,0
204,include,を含む,0
205,fill,を満たす,0
206,possible,可能な,0
207,certain,ある～,0
208,likely,ありそうな,0
209,usual,いつもの,0
210,chief,主要な,0
211,aware,気づいている,0
212,promise,約束する,0
213,express,を表現する,0
214,suggest,を提案する,0
215,force,力,0
216,strength,力,0
217,damage,損害,0
218,attack,攻撃,0
219,guess,を推測する,0
220,judge,を判断する,0
221,solve,を解決する,0
222,allow,を許す,0
223,discover,を発見する,0
224,prove,を証明する,0
225,control,を支配する,0
226,limit,を制限する,0
227,divide,を分ける,0
228,remain,のままである,0
229,thought,考え,0
230,purpose,目的,0
231,opinion,意見,0
232,decision,決心,0
233,favor,好み,0
234,direct,直接の,0
235,similar,類似した,0
236,dangerous,危険な,0
237,meaning,意味,0
238,value,価値,0
239,detail,詳細,0
240,image,像,0
241,truth,真実,0
242,balance,バランス,0
243,importance,重要性,0
244,difficulty,困難,0
245,education,教育,0
246,sentence,文,0
247,conversation,会話,0
248,interview,面接,0
249,press,報道,0
250,necessary,必要な,0
251,proper,適切な,0
252,correct,正しい,0
253,equal,等しい,0
254,basic,基礎の,0
255,whether,～かどうか,0
256,unless,もし～でなければ,0
257,call for,を求めた,1
258,call…back,かけ直しす,0
259,call out,を叫ぶ,1
260,call on,を訪ねる,1
261,carry on,を続ける,1
262,carry out,を実行する,1
263,catch up with,に追いつく,1
264,come about,起こる,1
265,come across,に偶然会う,1
266,come along,やってくる,1
267,come up with,を思いつく,1
268,do without ,なしでやっていく,1
269,find out,探る,1
270,keep on,し続ける,1
271,keep up with,についていく,1
272,get along with,と仲良くする,1
273,give in,応じる,1
274,give up,あきらめる,1
275,What's going on?,どうした,1
276,go on,続ける,1
277,go through,経験する,1
278,hear from,便りをもらう,1
279,hear of,の事を聞いたことが,1
280,look after,の世話をする,1
281,look for,をさがす,1
282,look forward to,を楽しみにする,1
283,look into,を調査する,1
284,look like,ように見える,1
285,look up to,を尊敬する,1
286,make fun of,をからかう,1
287,pass by,通り過ぎる,1
288,put off,を延期する,1
289,put on,を着る,1
290,put out,を消す,1
291,put up with,を我慢する,1
292,run out of,を使い果たす,1
293,set off,出発する,1
294,set out,出発する,1
295,set out ,ようとする,1
296,set up,を設立した,1
297,stand for,を意味する,1
298,stand out,際立っている,1
299,take care of,の世話をする,1
300,take off,を脱ぐ,1
301,take part in,に参加する,1
302,take place,起こる,1
303,take up,を始める,1
304,industry,産業,0
305,fuel,燃料,0
306,labor,労働,0
307,electricity,電気,0
308,stomach,胃,0
309,sweat,汗,0
310,illness,病気,0
311,headache,頭痛,0
312,breath,息,0
313,female,女性の,0
314,male,男性の,0
315,boil,沸騰する,0
316,polish,を磨く,0
317,pour,を注ぐ,0
318,freeze,凍る,0
319,melt,溶ける,0
320,repair,を修理する,0
321,measure,を測る,0
322,wipe,を拭く,0
323,brave,勇敢な,0
324,resposible,責任がある,0
325,silly,おろかな,0
326,foolish,ばかな,0
327,polite,礼儀正しい,0
328,blind,盲目の,0
329,deaf,耳が聞こえない,0
330,native,母国の,0
331,noble,高貴な,0
332,willing,～する気がある,0
333,root,根,0
334,flood,洪水,0
335,mate,仲間,0
336,weather,天気,0
337,clerk,店員,0
338,soldier,軍人,0
339,lawyer,弁護士,0
340,secretary,秘書,0
341,officail,役人,0
342,youth,青年期,0
343,folk,民族,0
344,paasanger,乗客,0
345,unable,～できない,0
346,nervous,不安で,0
347,stupid,ばかな,0
348,lazy,怠け者の,0
349,FALSE,まちがった,0
350,violent,暴力的な,0
351,mad,怒った,0
352,form,形,0
353,length,長さ,0
354,birth,誕生,0
355,diet,食事,0
356,fashion,流行,0
357,furtniture,家具,0
358,gift,贈り物,0
359,lend,を貸す,0
360,borrow,を借りる,0
361,praise,をほめる,0
362,admire,を賞賛する,0
363,intend,を意図する,0
364,dislike,を嫌う,0
365,puzzle,を困らせる,0
366,stick,くっつく,0
367,bear,に耐える,0
368,bow,おじぎをする,0
369,srteam,小川,0
370,coast,海岸,0
371,channel,海峡,0
372,valley,谷,0
373,desert,砂漠,0
374,path,道,0
375,tiny,とても小さい,0
376,plain,簡単な,0
377,smooth,なめらかな,0
378,solid,固い,0
379,nod,うなずく,0
380,breathe,息をする,0
381,strike,～を襲う,0
382,slip,すべる,0
383,bend,を曲げる,0
384,float,漂う,0
385,sail,旅行する,0
386,escape,逃げる,0
387,audience,聴衆,0
388,agency,代理店,0
389,army,軍隊,0
390,row,列,0
391,crew,乗組員,0
392,citizen,市民,0
393,mankind,人類,0
394,coal,石炭,0
395,dust,ちり,0
396,stuff,もの、こと,0
397,entrance,入ること,0
398,prison,刑務所,0
399,gap,すき間,0
400,tip,先,0
401,score,得点,0
402,height,高さ,0
403,dozen,ダース,0
404,account,説明,0
405,exist,存在する,0
406,apply,当てはまる,0
407,attend,に出席する,0
408,succeed,成功する,0
409,vote,投票する,0
410,occur,起こる,0
411,tend,傾向がある,0
412,beat,を打ち負かす,0
413,signal,信号,0
414,advice,助言,0
415,comment,論評,0
416,appointment,約束,0
417,topic,話題,0
418,rumor,うわさ,0
419,accent,なまり,0
420,wealth,財産,0
421,fare,運賃,0
422,communicate,を伝える,0
423,inform,に知らせる,0
424,reply,答える,0
425,mention,に言及する,0
426,announce,と発表する,0
427,link,をつなぐ,0
428,repeat,繰り返す,0
429,introduce,を紹介する,0
430,apart,離れて,0
431,immediately,すぐに,0
432,wheel,車輪,0
433,route,道,0
434,track,線路,0
435,package,包み,0
436,following,次の,0
437,mass,多数の,0
438,awful,とても悪い,0
439,royal,国王の,0
440,nation,国,0
441,district,地域,0
442,capital,首都,0
443,freedom,自由,0
444,safety,安全,0
445,battle,戦闘,0
446,career,経歴,0
447,character,特徴,0
448,scene,場面,0
449,situation,状況,0
450,occasion,場合,0
451,lack,不足,0
452,fault,責任がある,0
453,disease,病気,0
454,murder,殺人,0
455,object,物体,0
456,opposite,正反対の,0
457,content,中身,0
458,pause,休止,0
459,pleasure,喜び,0
460,anger,怒り,0
461,request,要請,0
462,pride,自慢,0
463,spirit,精神,0
464,belief,信じること,0
465,impression,印象,0
466,harm,損害,0
467,lecture,講義,0
468,novel,小説,0
469,passage,一節,0
470,knowledge,知識,0
471,geography,地理学,0
472,example,例,0
473,recover,回復する,0
474,weigh,の重さがある,0
475,familiar,よく知っている,0
476,medical,医学の,0
477,thirsty,のどが渇いている,0
478,expensive,高価な,0
479,moral,道徳の,0
480,electric,電気の,0
481,asleep,眠って,0
482,awake,目が覚めて,0
483,appear,のように見える,0
484,disappear,なくなる,0
485,perform,を行う,0
486,behave,ふるまう,0
487,aim,ねらう,0
488,load,を積み込む,0
489,deliver,を配達する,0
490,provide,を提供する,0
491,publish,を出版する,0
492,broadcast,を放送する,0
493,handle,を取り扱う,0
494,propose,を提案する,0
495,advise,に忠告する,0
496,warn,に警告する,0
497,complain,不平を言う,0
498,argue,と主張する,0
499,bet,確信している,0
500,experience,経験,0
501,process,過程,0
502,project,計画,0
503,section,部分,0
504,gain,を得る,0
505,earn,を稼ぐ,0
506,owe,BにAの借金がある,0
507,reserve,を予約する,0
508,accept,を受け入れる,0
509,protect,を保護する,0
510,separate,を分離する,0
511,spare,を取っておく,0
512,pleasant,楽しい,0
513,comfortable,快適な,0
514,excellent,優れた,0
515,neat,きちんとした,0
516,holy,神聖な,0
517,ability,能力,0
518,possibility,可能性,0
519,rank,地域,0
520,policy,政策,0
521,neither,AでもBでもない,0
522,actually,実際に,0
523,especially,特に,0
524,directly,直接,0
525,naturally,自然に,0
526,partly,部分的には,0
527,develop,を発達させる,0
528,improve,を上達させる,0
529,continue,続く,0
530,complete,を完成させる,0
531,destroy,を破壊する,0
532,steal,を盗む,0
533,deny,を否定する,0
534,blame,のせいにする,0
535,cancel,を取り消す,0
536,prevent,を防ぐ,0
537,crash,衝突,0
538,activity,行動,0
539,challenge,試練,0
540,exchange,交換,0
541,realize,に気がつく,0
542,notice,気づく,0
543,regard,～とみなす,0
544,compare,を比較する,0
545,examine,を調べる,0
546,describe,を描写する,0
547,forgive,を許す,0
548,pardon,を許す,0
549,approach,取り組み,0
550,distance,距離,0
551,progress,進歩,0
552,direction,方向,0
553,journey,旅行,0
554,adventure,冒険,0
555,except,～を除いて,0
556,worth,～の価値がある,0
557,tight,きつい,0
558,tough,つらい,0
559,particular,特定の,0
560,average,平均的な,0
561,original,本来の,0
562,practical,実際の,0
563,reasonable,筋の通った,0
564,dull,退屈な,0
565,vague,あいまいな,0
566,bold,大胆な,0
567,shallow,浅い,0
568,bare,裸の,0
569,sincere,誠実な,0
570,generous,寛大な,0
571,blank,白紙の,0
572,require,を必要とする,0
573,seek,を求める,0
574,beg,懇願する,0
575,sum,金額,0
576,pile,積み重ね,0
577,volume,量,0
578,quantity,量,0
579,quality,質,0
580,technology,科学技術,0
581,skill,技術,0
582,device,装置,0
583,term,専門用語,0
584,basis,基礎,0
585,satisfy,を満足させる,0
586,dare,あえて～する,0
587,disagree,意見が合わない,0
588,regret,を後悔する,0
589,rid,を取り除く,0
590,rob,AからBを奪う,0
591,ruin,をだめにする,0
592,burst,破裂する,0
593,zone,地帯,0
594,range,範囲,0
595,frame,枠,0
596,background,背景,0
597,junior,年下の,0
598,senior,年上の,0
599,major,主要な,0
600,minor,小さい方の,0
601,unit,単位,0
602,item,品目,0
603,scale,規模,0
604,casual,うちとけた,0
605,formal,正式の,0
606,insect,昆虫,0
607,nest,巣,0
608,feather,羽,0
609,fur,毛皮,0
610,calm,冷静な,0
611,strict,厳しい,0
612,shy,内気な,0
613,pure,純粋の,0
614,steady,一定の,0
615,climate,気候,0
616,temperature,気温,0
617,crop,農作物,0
618,soil,土壌,0
619,seed,種,0
620,weed,雑草,0
621,reduce,を減少させる,0
622,replace,に取って代わる,0
623,avoid,を避ける,0
624,ignore,を無視する,0
625,refuse,を断る,0
626,reject,を断る,0
627,delay,を遅らせる,0
628,retire,退職する,0
629,trap,を閉じ込める,0
630,scream,悲鳴を上げる,0
631,stretch,を広げる,0
632,lean,傾く,0
633,chase,追いかける,0
634,rush,急いでいく,0
635,bury,を埋める,0
636,fold,を折り曲げる,0
637,sweep,を掃く,0
638,defend,を守る,0
639,enemy,敵,0
640,self,自己,0
641,guilty,有罪の,0
642,evil,悪い,0
643,expression,表現,0
644,vision,心に描く像,0
645,statue,像,0
646,tale,物語,0
647,hardly,ほとんど～ない,0
648,rarely,めったに～ない,0
649,seldom,めったに～ない,0
650,settle,定住する,0
651,explore,を探検する,0
652,release,を放出する,0
653,conduct,を行う,0
654,decorate,を飾る,0
655,seize,をつかむ,0
656,struggle,苦闘する,0
657,split,分裂する,0
658,mental,精神の,0
659,upset,取り乱した,0
660,anxious,心配している,0
661,keen,セツボｵｳ下,0
662,grateful,感謝している,0
663,avenue,大通り,0
664,surface,表面,0
665,angle,角度,0
666,border,国境,0
667,cave,洞窟,0
668,deceive,をだます,0
669,invade,を侵略する,0
670,bleed,出血する,0
671,punish,を罰する,0
672,display,を展示する,0
673,appeal,興味を引く,0
674,refer,ことを言う,0
675,boast,自慢する,0
676,employ,を覆う,0
677,educate,を教育する,0
678,insist,要求する,0
679,impact,影響,0
680,desire,願望,0
681,ideal,理想,0
682,comfort,快適さ,0
683,humor,ユーモア,0
684,sorrow,悲しみ,0
685,passion,情熱,0
686,temper,紀元,0
687,despair,絶望,0
688,courage,勇気,0
689,imagination,想像,0
690,due,原因で,0
691,available,利用可能な,0
692,entire,全部の,0
693,extra,余分の,0
694,fellow,同僚の,0
695,vice,副～,0
696,negative,有害な,0
697,careless,不注意な,0
698,cruel,残酷な,0
699,shame,恥,0
700,pity,残念なこと,0
701,loyalty,中世,0
702,raw,生の,0
703,loose,ゆるい,0
704,unique,特有な,0
705,creative,創造的な,0
706,attractive,魅力的な,0
707,smart,頭の良い,0
708,dramatic,劇的な,0
709,alike,似ている,0
710,precious,かけがえのない,0
711,consider,を良く考える,0
712,admit,を認める,0
713,remind,に思い出させる,0
714,suppose,と思う,0
715,weep,しくしく泣く,0
716,response,応答,0
717,access,利用する権利,0
718,alarm,警報,0
719,contact,連絡,0
720,inner,内部の,0
721,underground,地下の,0
722,huge,巨大な,0
723,vast,莫大な,0
724,glance,チラッと見る,0
725,article,記事,0
726,issue,問題,0
727,insult,侮辱,0
728,vocabulary,語彙,0
729,concern,に関係する,0
730,affect,に影響する,0
731,treat,扱う,0
732,relate,を関係させる,0
733,reflect,を反映する,0
734,connect,をつなぐ,0
735,repond,応答する,0
736,rely,頼る,0
737,attach,をつける,0
738,string,紐,0
739,thread,意図,0
740,mineral,鉱物,0
741,risk,危険,0
742,loss,損失,0
743,failure,失敗,0
744,crime,犯罪,0
745,poison,毒,0
746,loan,負債,0
747,aside,横に,0
748,forth,前へ,0
749,recent,最近の,0
750,previous,前の,0
751,sudden,突然の,0
752,part-time,パートタイムの,0
753,arrival,到着,0
754,aid,援助,0
755,operation,手術,0
756,research,研究,0
757,volunteer,ボランティア,0
758,ceremony,儀式,0
759,affair,情熱,0
760,somehow,なんとかして,0
761,somewhat,やや,0
762,population,人口,0
763,relationship,関係,0
764,benefit,利益,0
765,reality,現実,0
766,weapon,武器,0
767,negotiation,交渉,0
768,stock,株,0
769,fund,基金,0
770,medium,媒体,0
771,economy,経済,0
772,supply,供給,0
773,expense,費用,0
774,fee,謝礼,0
775,advantage,利点,0
776,feature,特徴,0
777,function,機能,0
778,talent,才能,0
779,honor,名誉,0
780,political,政治の,0
781,religious,宗教の,0
782,commercial,商業の,0
783,legal,法律の,0
784,global,世界的な,0
785,trial,試行,0
786,attempt,試み,0
787,means,手段,0
788,reward,報酬,0
789,lung,肺,0
790,cough,咳,0
791,nerve,神経,0
792,soul,精神,0
793,detective,探偵,0
794,staff,職員,0
795,minister,大臣,0
796,expert,熟練者,0
797,specialist,専門家,0
798,servant,使用人,0
799,priest,聖職者,0
800,professor,教授,0
801,theory,理論,0
802,organ,臓器,0
803,ray,光線,0
804,cell,細胞,0
805,variety,多様性,0
806,trunk,幹,0
807,ordinary,普通の,0
808,unusual,珍しい,0
809,rare,稀な,0
810,odd,奇妙な,0
811,various,様々な,0
812,typical,典型的な,0
813,arrest,を逮捕する,0
814,search,捜し求める,0
815,pose,を引き起こす,0
816,suspect,～ではないかと思う,0
817,observe,を観察する,0
818,determine,を決定する,0
819,concentrate,集中する,0
820,attract,をひきつける,0
821,grasp,を把握する,0
822,breed,を育てる,0
823,rent,～を借りる,0
824,afford,～する余裕がある,0
825,permit,を許可する,0
826,confirm,を認める,0
827,select,を選ぶ,0
828,recognize,が分かる,0
829,identify,が誰であるかを確認する,0
830,grant,を与える,0
831,approve,～を承認する,0
832,trend,傾向,0
833,leisure,暇,0
834,credit,名声,0
835,drawer,引き出し,0
836,saving,節約,0
837,income,収入,0
838,thus,したがって,0
839,indeed,ほんとうに,0
840,mostly,たいていは,0
841,besides,さらに,0
842,closely,密接に,0
843,merely,単に,0
844,aloud,声に出して,0
845,stress,ストレス,0
846,pressure,圧力,0
847,fever,熱,0
848,growth,成長,0
849,muscle,筋肉,0
850,joint,間接,0
851,slightly,わずかに,0
852,fairly,まあまあ,0
853,roughly,おおよそ,0
854,terribly,とても,0
855,truly,事実の通りに,0
856,throw away,捨てる,1
857,try…on,を履いてみる,0
858,turn down,を小さくする,1
859,turn down,を断る,1
860,turn in,を提出する,1
861,turn on,をつける,1
862,turn out,分かる,1
863,turn up,来る,1
864,turn up,を上げる,1
865,work on,に取りくむ,1
866,work out,上手くいく,1
867,work out ,を解く,1
868,write down,を書き留める,1
869,write to,お便りする,1
870,do one's best,最善を尽くす,1
871,feel like…,～したい気分,1
872,fill in,に必要事項を記入する,1
873,have nothing to do with,と何の関係もない,1
874,hold on,待つ,1
875,hold on to,を持ち続ける,1
876,be absorbed in,に熱中している,1
877,be amused with(at),を楽しんでいる,1
878,be bored with,に退屈している,1
879,be caught in,にあった,1
880,be keen on,に熱中している,1
881,be made up of,でできている,1
882,be short of,足りない,1
883,be through with,は終えている,1
884,be used to,に慣れている,1
885,be about to…,まさに～ろうとしている,1
886,be bound to,義務がある,1
887,be certain to,きっと,1
888,be ready to,喜んで,1
889, be willing to,いいと思っている,1
890,a number of,多くの,1
891,quite a few,かなり多くの,1
892,as…as possible,できるだけ,1
893,times as…as～,倍の,1
894,as many as,も,1
895,as much as,も,1
896,more and more,ますます多くの,1
897,more or less,だいたい,1
898,at the cost of,を犠牲にして,1
899,at the risk of,覚悟で,1
900,by means of,によって,1
901,for fear of,といけないので,1
902,for the sake of,のために,1
903,in addition to,うえに,1
904,in the case of,の場合には,1
905,along with,とともに,1
906,apart from,はさておき,1
907,as for,はといえば,1
908,because of,のために,1
909,due to,のせいで,1
910,owing to,のおかげで,1
911,thanks to,のおかげで,1
912,with all,～があるものの,1
913,canal,運河,0
914,suburb,郊外,0
915,region,地域,0
916,shelter,避難場所,0
917,site,場所,0
918,landscape,風景,0
919,unite,を結びつける,0
920,combine,を結合させる,0
921,imitate,をまねる,0
922,squeeze,を絞る,0
923,resemble,に似ている,0
924,lightning,稲妻,0
925,dawn,夜明け,0
926,tide,潮,0
927,cattle,牛,0
928,origin,起源,0
929,heal,治る,0
930,bathe,入浴する,0
931,injure,に怪我をさせる,0
932,cure,を治療する,0
933,consume,を消費する,0
934,rear,を育てる,0
935,revolution,革命,0
936,reform,改革,0
937,pioneer,先駆者,0
938,liberty,自由,0
939,election,選挙,0
940,fate,運命,0
941,code,きまり,0
942,award,賞,0
943,generation,世代,0
944,childhood,幼少時代,0
945,era,時代,0
946,funeral,葬式,0
947,luxury,豪華さ,0
948,hunger,空腹,0
949,wheat,小麦,0
950,grain,穀物,0
951,resort,行楽地,0
952,privacy,プライバシー,0
953,scare,をおびえさせる,0
954,confuse,を当惑させる,0
955,bother,を悩ます,0
956,author,著者,0
957,athlete,運動選手,0
958,scholar,学者,0
959,editor,編集者,0
960,mission,任務,0
961,wage,賃金,0
962,payment,支払,0
963,fortune,財産,0
964,property,所有物,0
965,debt,借金,0
966,deposit,預金,0
967,superior,より優れた,0
968,inferior,より劣っている,0
969,apt,～しがちである,0
970,vain,むだな,0
971,overall,全体的な,0
972,insurance,保健,0
973,security,安全,0
974,contract,契約,0
975,agreement,合意,0
976,kingdom,王国,0
977,empire,定刻,0
978,colony,植民地,0
979,frontier,辺境,0
980,globe,地域,0
981,continent,大陸,0
982,universe,宇宙,0
983,therefore,したがって,0
984,otherwise,そうでなければ,0
985,moreover,そのうえ,0
986,thrill,ワクワクする感じ,0
987,strain,負担,0
988,emotion,感情,0
989,excite,を興奮させる,0
990,frighten,を怖がらせる,0
991,threaten,を脅かす,0
992,disappoint,を失望させる,0
993,amaze,をビックリさせる,0
994,authority,権威,0
995,status,地位,0
996,slave,奴隷,0
997,fame,名声,0
998,glory,栄光,0
999,disaster,災害,0
1000,earthquake,地震,0
1001,explosion,爆発,0
1002,victim,犠牲者,0
1003,wound,傷,0
1004,criminal,犯罪者,0
1005,rural,田舎の,0
1006,tropical,熱帯の,0
1007,universal,全世界の,0
1008,domestic,過程の,0
1009,marine,海の,0
1010,environment,環境,0
1011,chemical,化学薬品,0
1012,creature,生き物,0
1013,resource,資源,0
1014,pollution,汚染,0
1015,solution,解決,0
1016,intelligence,知性,0
1017,review,再検討,0
1018,necessity,必要性,0
1019,command,命令,0
1020,charm,魅力,0
1021,impulse,衝動,0
1022,concept,概念,0
1023,crisis,機器,0
1024,bite,を噛む,0
1025,stare,じっと見る,0
1026,refrigerator,冷蔵庫,0
1027,telescope,望遠鏡,0
1028,equipment,装備,0
1029,treasure,宝物,0
1030,oppose,に反対する,0
1031,ban,を禁止する,0
1032,quit,をやめる,0
1033,protest,に講義する,0
1034,interrupt,の邪魔をする,0
1035,quarrel,口論する,0
1036,visual,視覚の,0
1037,naked,裸の,0
1038,frank,率直な,0
1039,rude,失礼な,0
1040,selfish,利己的な,0
1041,task,仕事,0
1042,instruction,指示,0
1043,campaign,運動,0
1044,laughter,笑い,0
1045,delight,大喜び,0
1046,ease,気楽,0
1047,constant,絶え間ない,0
1048,annual,年１回の,0
1049,eternal,永遠の,0
1050,instant,即座の,0
1051,current,最新の,0
1052,permanent,一生の,0
1053,faith,信頼,0
1054,confidence,信頼,0
1055,justice,公正,0
1056,merit,長所,0
1057,occupy,を占める,0
1058,transport,を輸送する,0
1059,import,を輸入する,0
1060,export,を輸出する,0
1061,surround,を取り囲む,0
1062,locate,位置する,0
1063,leap,跳ぶ,0
1064,acid,酸の,0
1065,military,軍隊の,0
1066,nuclear,核の,0
1067,financial,金融の,0
1068,academic,学問に関する,0
1069,technical,技術の,0
1070,radical,根本的な,0
1071,mutual,相互の,0
1072,overseas,海外へ,0
1073,elsewhere,どこか他のところで,0
1074,throughout,～のあちこちに,0
1075,despite,～にもかかわらず,0
1076,spill,をこぼす,0
1077,overlook,を見落とす,0
1078,neglect,を無視する,0
1079,spoil,を台無しにする,0
1080,defeat,を打ち負かす,0
1081,starve,餓死する,0
1082,infant,乳幼児,0
1083,genius,天才,0
1084,personality,人柄,0
1085,alien,異星人,0
1086,committee,委員会,0
1087,cancer,ガン,0
1088,appetite,食欲,0
1089,evidence,証拠,0
1090,factor,要因,0
1091,source,源,0
1092,instance,事例,0
1093,rapidly,急送に,0
1094,gradually,だんだんと,0
1095,lately,最近,0
1096,opportunity,機会,0
1097,experiment,実験,0
1098,presence,存在,0
1099,absence,欠けていること,0
1100,shortage,不足,0
1101,excess,超過,0
1102,extent,程度,0
1103,element,要素,0
1104,atom,原子,0
1105,liquid,液体,0
1106,physics,物理学,0
1107,achieve,を達成する,0
1108,adopt,を採用する,0
1109,acquire,を身につける,0
1110,obtain,を獲得する,0
1111,found,を設立する,0
1112,absorb,を吸収する,0
1113,category,範疇,0
1114,institution,団体,0
1115,tribe,部族,0
1116,majority,大多数,0
1117,horrible,恐ろしい,0
1118,eager,しきりに～したがる,0
1119,ashamed,恥じている,0
1120,conscious,意識している,0
1121,curious,好奇心が強い,0
1122,sensitive,敏感な,0
1123,maual,手を使う,0
1124,splendid,素晴らしい,0
1125,worthy,値する,0
1126,delicate,繊細な,0
1127,ugly,醜い,0
1128,rescue,を救う,0
1129,survive,生き延びる,0
1130,invent,発明する,0
1131,enable,を可能にする,0
1132,deserve,に値する,0
1133,entertain,を楽しませる,0
1134,translate,を翻訳する,0
1135,pretend,ふりをする,0
1136,witness,を目撃する,0
1137,greet,に挨拶する,0
1138,assure,に保証する,0
1139,exhibit,を示す,0
1140,focus,集中する,0
1141,chat,おしゃべりする,0
1142,increase,増える,0
1143,decrease,減少する,0
1144,maintain,を維持する,0
1145,operate,を操作する,0
1146,shift,移す,0
1147,trace,をさかのぼって探る,0
1148,vary,異なる,0
1149,fade,薄れる,0
1150,description,記述,0
1151,context,文脈,0
1152,contrast,対照,0
1153,capable,能力のある,0
1154,probable,十分ありそうな,0
1155,considerable,かなりの,0
1156,mere,ほんの,0
1157,nearby,近くの,0
1158,bound,きっと～する,0
1159,literature,文学,0
1160,document,書類,0
1161,statement,記述,0
1162,debate,議論,0
1163,strictly,厳しく,0
1164,largely,主に,0
1165,possibly,ひょっとしたら,0
1166,fortunately,幸いにも,0
1167,unfortunately,運悪く,0
1168,extremely,極度に,0
1169,structure,構造,0
1170,technique,技術,0
1171,principle,原理,0
1172,vehicle,乗り物,0
1173,brief,短時間の,0
1174,temporary,一時的な,0
1175,passive,受動的な,0
1176,complex,複雑な,0
1177,obvious,明らかな,0
1178,specific,特定の,0
1179,peculiar,独特の,0
1180,harsh,厳しい,0
1181,sufficient,十分な,0
1182,essential,必要不可欠の,0
1183,suitable,適した,0
1184,useless,役に立たない,0
1185,convenient,便利な,0
1186,influence,影響力,0
1187,attitude,態度,0
1188,motion,動き,0
1189,advance,前進,0
1190,application,志願,0
1191,recommend,を推薦する,0
1192,encourage,を励ます,0
1193,scold,しかる,0
1194,obey,に従う,0
1195,government,政府,0
1196,individual,個人,0
1197,community,地域社会,0
1198,oragnization,組織,0
1199,republic,共和国,0
1200,panel,集団,0
1201,represent,を表す,0
1202,graduate,卒業する,0
1203,establish,を設立する,0
1204,organize,を組織する,0
1205,resign,辞任する,0
1206,relative,親戚,0
1207,reaction,反応,0
1208,bond,きずな,0
1209,assistance,援助,0
1210,addition,追加,0
1211,in favor of,に賛成である,1
1212,in favor of,に有利,1
1213,in place of,の代わりに,1
1214,in relation to,との関係において,1
1215,in spite of,にもかかわらず,1
1216,in terms of,の点で,1
1217,in terms of,に換算して,1
1218,in the face of,に直面したときに,1
1219,on account of,のために,1
1220,on the point of,まさに～ようとしていた,1
1221,in view of,を考えると,1
1222,with a view to,のために,1
1223,in regard to,に関して,1
1224,as if,かのように,1
1225,as far as,かぎりでは,1
1226,as long as,かぎりでは,1
1227,as long as,なら,1
1228,as soon as,と同時に,1
1229,the moment,とたんに,1
1230,no sooner…than～,すぐに,1
1231,hardly…when～,すぐに,0
1232,by the time,までに,1
1233,even if,たとえ～でも,1
1234,in case,といけないので,1
1235,in case,場合は,1
1236,for fear,はいけないので,1
1237,not only…but also～,だけでなく～も,1
1238,as well as,だけでなく～も,1
1239,above all,何よりもまず,1
1240,after all,結局,1
1241,all around,周りのいたるところに,1
1242,all over the world,世界中で,1
1243,first of all,まず第一に,1
1244,all of a sudden,突然,1
1245,all the time,ずっと,1
1246,all the way,はるばる,1
1247,as well,も,1
1248,as such,そういうものとして,1
1249,as a matter of fact,実は,1
1250,as a rule,概して,1
1251,as a whole,全体として,1
1252,as usual,いつものように,1
1253,at a loss,わからなかった,1
1254,at any cost,どんな犠牲を払っても,1
1255,at first,最初は,1
1256,at last,ついに,1
1257,at once,直ちに,1
1258,at present,いまのところ,1
1259,at best,せいぜい,1
1260,at times,時々,1
1261,assume,～と思う,0
1262,estimate,を推定する,0
1263,predict,を予測する,0
1264,appreciate,の真価を認める,0
1265,conclude,と結論付ける,0
1266,appropriate,適切な,0
1267,efficient,効率の良い,0
1268,fundamental,基礎の,0
1269,stable,安定した,0
1270,dye,を染める,0
1271,wrap,を包む,0
1272,knit,を編む,0
1273,tap,を軽くたたく,0
1274,accurate,正確な,0
1275,remarkable,驚くべき,0
1276,distinct,全く異なる,0
1277,fatigue,疲労,0
1278,fossil,化石,0
1279,gravity,重力,0
1280,orbit,軌道,0
1281,biology,生物学,0
1282,remedy,治療,0
1283,decade,１０年間,0
1284,priority,優先,0
1285,latter,校舎,0
1286,volcano,火山,0
1287,dimension,次元,0
1288,resident,住人,0
1289,territory,領域,0
1290,trail,跡,0
1291,summit,頂上,0
1292,boundary,境界,0
1293,division,分割,0
1294,horizon,地平線,0
1295,pension,年会,0
1296,investment,投資,0
1297,budget,予算,0
1298,guarantee,保証,0
1299,merchant,承認,0
1300,innovation,革新,0
1301,core,核心,0
1302,machinery,機械,0
1303,instrument,器具,0
1304,analysis,分析,0
1305,tune,曲,0
1306,version,版,0
1307,significant,重要な,0
1308,critical,重大な,0
1309,inevitable,避けられない,0
1310,helpless,無力な,0
1311,jealous,妬んで,0
1312,stiff,賢い,0
1313,pale,青ざめた,0
1314,bitter,苦い,0
1315,fancy,高級な,0
1316,fond,が好きだ,0
1317,classic,第一級の,0
1318,decent,満足できる,0
1319,ridiculous,おかしな,0
1320,reliable,信頼できる,0
1321,genuine,本当の,0
1322,prominent,著名な,0
1323,artificial,人工の,0
1324,serve,深刻な,0
1325,brilliant,優秀な,0
1326,liberal,自由主義の,0
1327,eventually,最終的に,0
1328,frequently,しばしば,0
1329,nowadays,最近では,0
1330,plague,疫病,0
1331,conflict,対立,0
1332,facility,施設,0
1333,welfare,福祉,0
1334,poverty,貧乏,0
1335,privilege,特権,0
1336,cooperation,協力,0
1337,convention,慣習,0
1338,consensus,意見の一致,0
1339,charity,慈善,0
1340,massive,巨大な,0
1341,intense,激しい,0
1342,enormous,膨大な,0
1343,extraordinary,素晴らしい,0
1344,forecast,予測,0
1345,sroke,卒中,0
1346,surgery,手術,0
1347,chemistry,化学,0
1348,tissue,組織,0
1349,species,種,0
1350,gene,遺伝子,0
1351,quote,を利用する,0
1352,undertake,を引き受ける,0
1353,assemble,を集める,0
1354,agriculture,農業,0
1355,principal,校長,0
1356,profession,職業,0
1357,occupation,職業,0
1358,enterprise,企業,0
1359,corporaion,会社,0
1360,administration,政府,0
1361,indicate,を示す,0
1362,demonstrate,を証明する,0
1363,reveal,を明らかにする,0
1364,emphasize,を強調する,0
1365,consent,同意,0
1366,theme,主題,0
1367,conference,会議,0
1368,minority,少数派,0
1369,council,会議,0
1370,remark,感想,0
1371,tragedy,悲劇,0
1372,humanity,人類,0
1373,identity,身元,0
1374,philosophy,哲学,0
1375,discipline,訓練,0
1376,comedy,喜劇,0
1377,fiction,小説,0
1378,miracle,奇跡的な出来事,0
1379,impres,に感銘を与える,0
1380,amuse,をおもしろがせる,0
1381,inspire,をやる気にさせる,0
1382,sigh,ため息をつく,0
1383,adjust,適応する,0
1384,collapse,崩壊する,0
1385,resist,に抵抗する,0
1386,betray,を裏切る,0
1387,register,登録する,0
1388,govern,を決定する,0
1389,qualify,に資格を与える,0
1390,secure,を獲得する,0
1391,swear,誓う,0
1392,substance,物質,0
1393,layer,層,0
1394,mixture,混合,0
1395,component,要素,0
1396,proportion,割合,0
1397,celebrate,祝う,0
1398,criticize,を非難する,0
1399,apologize,謝罪する,0
1400,accuse,を訴える,0
1401,commit,を犯す,0
1402,offend,～の感情を害する,0
1403,illusion,幻想,0
1404,anxiety,心配,0
1405,entusiasm,熱狂,0
1406,ambition,抱負,0
1407,sympathy,同情,0
1408,notion,考え,0
1409,consideration,熟考,0
1410,prospect,見込み,0
1411,urban,都市の,0
1412,internal,内部の,0
1413,remote,遠く離れた,0
1414,literary,文学の,0
1415,logical,論理的な,0
1416,precise,正確な,0
1417,tendency,傾向,0
1418,procedure,手順,0
1419,reference,言及,0
1420,reduction,減少,0
1421,outcome,結果,0
1422,gaze,見つめる,0
1423,calculate,を計算する,0
1424,distribute,を分配する,0
1425,investigate,を調査する,0
1426,dependent,頼っている,0
1427,independent,独立した,0
1428,solar,太陽の,0
1429,civil,市民の,0
1430,innocent,無罪の,0
1431,electrical,電気の,0
1432,traditional,伝統的な,0
1433,define,を定義する,0
1434,whisper,ささやく,0
1435,declare,を宣言する,0
1436,yell,大声を上げる,0
1437,refugee,難民,0
1438,democracy,民主主義,0
1439,independence,独立,0
1440,opposition,反対,0
1441,dump,を捨てる,0
1442,possess,を所有する,0
1443,capture,を捕まえる,0
1444,purchase,を購入する,0
1445,yield,を産出する,0
1446,restore,を修復する,0
1447,garbage,ゴミ,0
1448,household,家中の者,0
1449,burden,重荷,0
1450,emergency,緊急事態,0
1451,tension,緊張,0
1452,incident,出来事,0
1453,flour,小麦粉,0
1454,baggage,荷物,0
1455,anniversary,記念日,0
1456,intellectual,知性の,0
1457,visible,目に見える,0
1458,abstract,抽象的な,0
1459,potential,潜在的な,0
1460,survey,調査,0
1461,publication,出版,0
1462,involve,を関係させる,0
1463,adapt,を適合させる,0
1464,associate,を連想する,0
1465,compete,競争する,0
1466,encounter,に直面する,0
1467,accompany,に付随して起こる,0
1468,overtake,を追い越す,0
1469,extend,を拡張する,0
1470,expand,拡大する,0
1471,proceed,進む,0
1472,emerge,現れる,0
1473,launch,を打ち上げる,0
1474,pursue,を追求する,0
1475,wander,うろうろする,0
1476,reverse,～を逆にする,0
1477,beneath,～の下で,0
1478,via,～経由で,0
1479,association,協会,0
1480,colleague,仲間,0
1481,capacity,能力,0
1482,ministry,省,0
1483,constitution,憲法,0
1484,foundation,基礎,0
1485,formation,公正,0
1486,architecture,建築,0
1487,nevertheless,それにもかかわらず,0
1488,meanwhile,その間に,0
1489,engage,を従事させる,0
1490,expose,をさらす,0
1491,dismiss,を捨てる,0
1492,submit,を提出する,0
1493,ache,痛む,0
1494,elementary,初等の,0
1495,ancient,古代の,0
1496,elderly,年配の,0
1497,primary,最も重要な,0
1498,initial,当初の,0
1499,urgent,緊急の,0
1500,behavior,ふるまい,0
1501,appearance,姿,0
1502,abuse,虐待,0
1503,recall,を思い出す,0
1504,perceive,を理解する,0
1505,distinguish,を区別する,0
1506,overcome,を克服する,0
1507,confess,と告白する,0
1508,resolve,を解決する,0
1509,justify,を正当化する,0
1510,treatment,扱い,0
1511,atmosphere,大気,0
1512,circumstance,状況,0
1513,consequence,結果,0
1514,aspect,側面,0
1515,consult,に意見を求める,0
1516,oblige,を義務づける,0
1517,promote,を促進する,0
1518,convince,を納得させる,0
1519,persuade,を説得する,0
1520,urge,Aに～するよう説得する,0
1521,impose,を課す,0
1522,output,生産高,0
1523,alternative,代わり,0
1524,maximum,最大限,0
1525,option,選択,0
1526,clue,手がかり,0
1527,characteristic,特色,0
1528,reputation,評判,0
1529,virtue,徳,0
1530,variation,変化,0
1531,instinct,本能,0
1532,decline,減少する,0
1533,transfer,を転勤させる,0
1534,alter,を帰る,0
1535,differ,異なる,0
1536,retain,を保持する,0
1537,preserve,を保護する,0
1538,swell,ふくらむ,0
1539,crack,ひびが入る,0
1540,lower,～を下げる,0
1541,relatively,比較的,0
1542,necessarily,必ず,0
1543,absolutely,絶対に,0
1544,definitely,確かに,0
1545,apparently,たぶん,0
1546,practically,ほとんど,0
1547,barely,かろうじて,0
1548,thoroughly,徹底的に,0
1549,normally,普通は,0
1550,altogether,まったく,0
1551,consist,成る,0
1552,construct,を建設する,0
1553,by accident,偶然,1
1554,by all means,絶対に,1
1555,by no means,決して～ない,1
1556,by and large,概して,1
1557,by far,飛び抜けて,1
1558,by mistake,誤って,1
1559,by the way,ところで,1
1560,little by little,少しずつ,1
1561,in a sense,ある意味では,1
1562,in a way,ある点で,1
1563,in any case,ともかく,1
1564,have in common,共通する,1
1565,in fact,実は,1
1566,in general,一般的に,1
1567,in other words,言い換えれば,1
1568,in particular,特に,1
1569,in short,簡単に言って,1
1570,in turn,お返しに,1
1571,on earth,いったい,1
1572,on foot,歩いて,1
1573,on purpose,わざと,1
1574,on the air,放送する,1
1575,on the other hand,一方,1
1576,out of control,制御不能,1
1577,out of date,古い,1
1578,out of order,調子が悪い,1
1579,day after day,来る日も来る日も,1
1580,day by day,日に日に,1
1581,far from,ほど遠かった,1
1582,for a while,しばらく,1
1583,from time to time,時々,1
1584,no longer,もう～でない,1
1585,of course,もちろん,1
1586,so far,今のところ,1
1587,needless to say,言うまでもなく,1
1588,so to speak,いわば,1
1589,executive,重役,0
1590,physician,医者,0
1591,critic,批評家,0
1592,laboratory,実験室,0
1593,routine,いつもの仕事,0
1594,grocery,食料品,0
1595,contrary,反対,0
1596,substitute,代用,0
1597,extensive,広い,0
1598,widespread,広範囲に及ぶ,0
1599,federal,連邦の,0
1600,illustrate,を説明する,0
1601,imply,をそれとなく示す,0
1602,interpret,を解釈する,0
1603,persist,固執する,0
1604,pronounce,を発音する,0
1605,advertise,を宣言する,0
1606,cite,を引用する,0
1607,conceive,思いつく,0
1608,furthermore,そのうえ,0
1609,approximately,およそ,0
1610,inevitably,必然的に,0
1611,consequenlty,その結果,0
1612,hence,したがって,0
1613,ultmately,結局,0
1614,worldwide,世界中で,0
1615,namely,すなわち,0
1616,desperately,とても,0
1617,dispute,紛争,0
1618,compromise,妥協,0
1619,prosperity,反映,0
1620,civilization,文明,0
1621,conservation,保護,0
1622,phenomenon,減少,0
1623,essence,本質,0
1624,venture,冒険,0
1625,dignity,威厳,0
1626,metaphor,隠喩,0
1627,proverb,諺,0
1628,myth,神話,0
1629,legend,伝説,0
1630,vital,きわめて重要な,0
1631,crucial,きわめて重大な,0
1632,doubtful,疑っている,0
1633,miserable,みじめな,0
1634,desperate,必死の,0
1635,reluctant,～したがらない,0
1636,incredible,信じられない,0
1637,imaginary,想像上の,0
1638,favorable,好意的な,0
1639,spiritual,精神の,0
1640,candidate,候補者,0
1641,assignment,宿題,0
1642,immigrant,移民,0
1643,treaty,条約,0
1644,scheme,計画,0
1645,parliament,議会,0
1646,congress,国会,0
1647,commitment,真剣な取り組み,0
1648,legislation,法律,0
1649,poll,世論調査,0
1650,suicide,自殺,0
1651,divorce,離婚,0
1652,patent,特許,0
1653,obligation,義務,0
1654,popularity,人気,0
1655,herd,群れ,0
1656,ecosystem,生態系,0
1657,famine,飢饉,0
1658,heritage,遺産,0
1659,currency,通貨,0
1660,specify,を明確に述べる,0
1661,detect,を探知する,0
1662,specialize,専門にする,0
1663,prompt,に促す,0
1664,hesitate,ためらう,0
1665,astonish,を仰天させる,0
1666,relieve,を取り除く,0
1667,fascinate,を魅了する,0
1668,despise,を見下す,0
1669,overwhelm,を圧倒する,0
1670,stimulate,を刺激する,0
1671,genetic,遺伝子の,0
1672,biological,生物学の,0
1673,numerous,多数の,0
1674,fertile,肥えた,0
1675,productive,生産的な,0
1676,virtual,仮想上の,0
1677,indifferrent,無関心な,0
1678,ethical,倫理の,0
1679,objective,客観的な,0
1680,historical,歴史的な,0
1681,conventional,月並みな,0
1682,concrete,具体的な,0
1683,obscure,あいまいな,0
1684,grab,ひっつかむ,0
1685,fulfill,を実現する,0
1686,exceed,を肥える,0
1687,accomplish,を成し遂げる,0
1688,manufacture,を生産する,0
1689,dispose,ものごとを処理する,0
1690,weave,を織る,0
1691,stir,かき混ぜる,0
1692,carve,を彫る,0
1693,ensure,を保証する,0
1694,memorize,暗記する,0
1695,evaluate,を評価する,0
1696,constitute,を構成する,0
1697,compose,を構成する,0
1698,contribute,②貢献する,0
1699,participate,参加する,0
1700,assign,を割り当てる,0
1701,rebel,反抗する,0
1702,prevail,普及する,0
1703,exploit,を開発する,0
1704,cultivate,を耕す,0
1705,scatter,をばらまく,0
1706,monitor,を監視する,0
1707,mend,を縫う,0
1708,sew,を縫う,0
1709,attain,を成し遂げる,0
1710,implement,を実行する,0
1711,undergo,を経験する,0
1712,surrender,降伏する,0
1713,utter,を発する,0
1714,exaggerate,を誇張する,0
1715,uncover,を暴露する,0
1716,isolate,を孤立させる,0
1717,devote,をささげる,0
1718,regulate,を規定する,0
1719,dominate,を支配する,0
1720,conquer,征服する,0
1721,accustom,を慣れさせる,0
1722,random,無原則な,0
1723,ultimate,究極の,0
1724,sacred,神聖な,0
1725,flexible,柔軟な,0
1726,consistent,一致した,0
1727,moderate,適度な,0
1728,aggressive,攻撃的な,0
1729,sophisticated,精巧な,0
1730,relevant,関連がある,0
1731,elaborate,複雑な,0
1732,rational,理にかなった,0
1733,modest,謙虚な,0
1734,react,反応する,0
1735,restrict,を制限する,0
1736,exclude,を除外する,0
1737,cope,を上手く処理する,0
1738,discourage,を落胆させる,0
1739,embarrass,に恥ずかしい思いをさせる,0
1740,annoy,を悩ます,0
1741,envy,をうらやましく思う,0
1742,startle,を驚かせる,0
1743,disgust,をむかつかせる,0
1744,frown,にまゆをひそめる,0
1745,withdraw,を退かせる,0
1746,shed,を流す,0
1747,transform,を変形させる,0
1748,convert,を転換する,0
1749,modify,を修正する,0
1750,shrink,縮む,0
1751,glow,光を放つ,0
1752,descend,下る,0
1753,dissolve,を溶かす,0
1754,refine,を洗練する,0
1755,satellite,衛星,0
1756,organism,生物,0
1757,mechanism,仕組み,0
1758,exposure,さらされること,0
1759,compound,混合物,0
1760,fluid,流動体,0
1761,strip,細長い一片,0
1762,outlook,態度,0
1763,viewpoint,見解,0
1764,expedition,探検,0
1765,primitive,原始的な,0
1766,contemporary,現代の,0
1767,medieval,中世の,0
1768,postpone,を延期する,0
1769,prohibit,を禁止する,0
1770,forbid,を禁止する,0
1771,interfere,妨げる,0
1772,disturb,を乱す,0
1773,suspend,を一時中断する,0
1774,halt,を中止させる,0
1775,prejudice,偏見,0
1776,ignorance,無知,0
1777,equality,平等,0
1778,sacrifice,犠牲,0
1779,mammal,哺乳類,0
1780,harvest,収穫,0
1781,stem,幹,0
1782,particle,小さな粒,0
1783,flame,炎,0
1784,breeze,そよ風,0
1785,moisture,湿気,0
1786,defect,欠点,0
1787,conscience,良心,0
1788,mercy,慈悲,0
1789,mess,乱雑,0
1790,acquaintance,知人,0
1791,peer,友達,0
1792,ancestor,先祖,0
1793,participant,参加者,0
1794,inhabitant,住民,0
1795,undergraduate,大学生,0
1796,ambassador,大使,0
1797,prfile,プロフィール,0
1798,vessel,管,0
1799,tourism,観光事業,0
1800,voyage,旅,0
1801,faculity,学部,0
1802,destination,目的地,0
1803,caution,用心,0
1804,interior,内部,0
1805,tansition,変換,0
1806,recession,不況,0
1807,nursery,保育所,0
1808,span,期間,0
1809,phase,段階,0
1810,triumph,勝利,0
1811,grief,深い悲しみ,0
1812,self-esteem,自尊心,0
1813,distress,苦難,0
1814,irony,皮肉な事態,0
1815,infection,感染,0
1816,disorder,不調,0
1817,virus,ウィルス,0
1818,symptom,症状,0
1819,therapy,治療,0
1820,decay,腐敗,0
1821,liver,肝臓,0
1822,inherit,を受け継ぐ,0
1823,convey,を伝える,0
1824,assert,を主張する,0
1825,derive,から派生する,0
1826,exhaust,をへとへとにする,0
1827,cheat,カンニングする,0
1828,condemn,を責める,0
1829,psychology,心理学,0
1830,scholarship,奨学金,0
1831,draft,草稿,0
1832,sculpture,彫刻,0
1833,strategy,戦略,0
1834,manuscript,原稿,0
1835,cease,をやめる,0
1836,conceal,を隠す,0
1837,flee,逃げる,0
1838,crawl,はう,0
1839,enclose,同封する,0
1840,drag,を引きずる,0
1841,soar,急上昇する,0
1842,retreat,退く,0
1843,stumble,つまずく,0
1844,steer,を運転する,0
1845,drain,を排出する,0
1846,conservative,保守的な,0
1847,ethnic,民族の,0
1848,racial,人種の,0
1849,prime,最も重要な,0
1850,nasty,深いな,0
1851,idle,仕事をしていない,0
1852,tidy,きちんとした,0
1853,faint,かすかな,0
1854,lively,元気な,0
1855,steep,急な,0
1856,outstanding,傑出した,0
1857,fluent,流暢な,0
1858,confront,と向かい合う,0
1859,endure,に絶える,0
1860,sustain,を維持する,0
1861,tolerate,を我慢する,0
1862,abundant,豊富な,0
1863,mature,成熟した,0
1864,ripe,熟した,0
1865,gross,総計の,0
1866,magnificent,壮大な,0
1867,scarce,不十分な,0
1868,multiple,多様の,0
1869,unbelievable,信じがたい,0
1870,deprive,から奪う,0
1871,abandon,を捨てる,0
1872,vanish,消える,0
1873,omit,を省く,0
1874,abolish,を廃止する,0
1875,immense,巨大な,0
1876,humble,謙虚な,0
1877,earnest,まじめな,0
1878,absurd,ばかげた,0
1879,stubborn,頑固な,0
1880,supreme,最高の,0
1881,fierce,激しい,0
1882,vivid,はっきりした,0
1883,awkward,気まずい,0
1884,dense,濃い,0
1885,optimistic,楽観的な,0
1886,alert,用心深い,0
1887,acute,深刻な,0
1888,compel,に強制する,0
1889,sue,を訴える,0
1890,recruit,を入れる,0
1891,flourish,栄える,0
1892,anticipate,を予想する,0
1893,disguise,を隠す,0
1894,gender,性,0
1895,perspective,展望,0
1896,emission,放出,0
1897,diversity,多様性,0
1898,ingredient,成分,0
1899,dialect,方言,0
1900,protein,たんぱく質,0
1901,habitat,生息地,0
1902,extinction,絶滅,0
1903,trait,特色,0
1904,statistics,統計,0
1905,obesity,肥満,0
1906,prey,獲物,0
1907,insight,見識,0
1908,equivalent,同量のもの,0
1909,hypothesis,仮説,0
1910,motivation,動機付け,0
1911,molecule,分子,0
1912,obstacle,妨げ,0
1913,drought,干ばつ,0
1914,sequence,連続,0
1915,stereotype,固定観念,0
1916,literacy,読み書き能力,0
1917,trash,ごみ,0
1918,ritual,儀式,0
1919,allergy,アレルギー,0
1920,syndrome,症状,0
1921,vaccine,ワクチン,0
1922,nutrition,栄養物,0
1923,bias,偏見,0
1924,glacier,氷河,0
1925,hemisphere,半球,0
1926,storage,保管,0
1927,semester,学期,0
1928,incentive,動機,0
1929,diagnosis,診断,0
1930,discrimination,差別,0
1931,usage,語法,0
1932,initiative,主導権,0
1933,implication,影響,0
1934,radiation,放射能,0
1935,meditation,瞑想,0
1936,infrastructure,インフラ,0
1937,misunderstanding,誤解,0
1938,microscope,顕微鏡,0
1939,expectancy,予想,0
1940,counterpart,対応するもの,0
1941,jury,陪審,0
1942,advocate,提唱する人,0
1943,intake,摂取量,0
1944,utility,公共事業,0
1945,beverage,飲料,0
1946,bullying,いじめ,0
1947,ecology,生態系,0
1948,transplant,移植,0
1949,superstition,迷信,0
1950,dose,服用量,0
1951,fraction,部分,0
1952,revenue,収入,0
1953,compliment,褒め言葉,0
1954,worship,崇拝,0
1955,gratitude,感謝,0
1956,astronomy,天文学,0
1957,circulation,循環,0
1958,anthropologist,人類学者,0
1959,commodity,商品,0
1960,deficit,赤字,0
1961,census,国勢調査,0
1962,fabric,布地,0
1963,deforestation,森林破壊,0
1964,narrative,物語,0
1965,inquiry,調査,0
1966,probe,探査船,0
1967,premise,前提,0
1968,humidity,湿度,0
1969,tumor,腫瘍,0
1970,altitude,標高,0
1971,toll,通行料,0
1972,asset,資産,0
1973,hazard,危険,0
1974,glimpse,ちらりと見ること,0
1975,prestige,名声,0
1976,realm,領域,0
1977,endeavor,努力,0
1978,collision,衝突,0
1979,diplomacy,外交,0
1980,friction,摩擦,0
1981,biography,伝記,0
1982,evolve,進化する,0
1983,generate,を作り出す,0
1984,arise,生じる,0
1985,interact,交流する,0
1986,endanger,を危険にさらす,0
1987,eliminate,を取り除く,0
1988,enhance,を高める,0
1989,correspond,一致する,0
1990,depress,を憂鬱にさせる,0
1991,acknowledge,を認める,0
1992,classify,を分類する,0
1993,attribute,Ａの原因はＢにあると考える,0
1994,transmit,を伝える,0
1995,boost,を発展させる,0
1996,frustrate,を欲求不満にする,0
1997,infect,に伝染する,0
1998,embrace,受け入れる,0
1999,dedicate,を捧げる,0
2000,donate,を提供する,0
2001,foster,を育成する,0
2002,distract,の気をそらす,0
2003,integrate,を仲間入りさせる,0
2004,accelerate,を加速する,0
2005,diminish,を減らす,0
2006,accumulate,を蓄積する,0
2007,characterize,を特徴付ける,0
2008,reinforce,を強化する,0
2009,thrive,栄える,0
2010,revise,を修正する,0
2011,compensate,埋め合わせる,0
2012,devise,を考案する,0
2013,irritate,をいらだたせる,0
2014,induce,を誘発する,0
2015,enforce,を施行する,0
2016,soak,を浸す,0
2017,commute,通勤する,0
2018,cooperate,協力する,0
2019,refrain,慎む,0
2020,displace,追われる,0
2021,speculate,を推測する,0
2022,excel,秀でる,0
2023,contradict,と矛盾する,0
2024,insert,を差し込む,0
2025,disclose,を暴露する,0
2026,discard,を処分する,0
2027,accommodate,を収容できる,0
2028,cling,固執する,0
2029,provoke,を引き起こす,0
2030,conform,従う,0
2031,revolve,回転する,0
2032,reassure,を安心させる,0
2033,withstand,に耐える,0
2034,coincide,同時に起こる,0
2035,formulate,を述べる,0
2036,execute,処刑する,0
2037,contemplate,をじっくり考える,0
2038,dictate,を決定する,0
2039,indulge,耽る,0
2040,presume,と仮定する,0
2041,coordinate,を調査する,0
2042,recite,を暗証する,0
2043,contend,を主張する,0
2044,mobile,移動可能な,0
2045,complicated,難しい,0
2046,linguistic,言語の,0
2047,polar,極の,0
2048,vulnerable,傷つきやすい,0
2049,subtle,かすかな,0
2050,ecological,生態の,0
2051,verbal,言葉の,0
2052,identical,全く同じの,0
2053,immune,免疫がある,0
2054,adequate,ちょうどの,0
2055,chronic,慢性の,0
2056,fake,にせの,0
2057,controversial,物議をかもす,0
2058,tremendous,とても大きい,0
2059,indigenous,固有の,0
2060,profound,深い,0
2061,devastating,破壊的な,0
2062,nonverbal,言葉によらない,0
2063,valid,有効な,0
2064,vertical,垂直の,0
2065,comprehesive,包括的な,0
2066,intimate,親密な,0
2067,trivial,ささいな,0
2068,variable,変わりやすい,0
2069,pregnant,妊娠した,0
2070,metropolitan,大都市の,0
2071,indidpensable,不可欠な,0
2072,inherent,固有の,0
2073,fragile,壊れやすい,0
2074,crude,処理されていない,0
2075,spontaneous,自然に起こる,0
2076,hostile,敵意のある,0
2077,transparent,透明な,0
2078,infinite,無限の,0
2079,rigid,厳しい,0
2080,anonymous,匿名の,0
2081,superficial,表面の,0
2082,corrupt,堕落した,0
2083,vigorous,激しい,0
2084,ambiguous,多義の,0
2085,drastic,思い切った,0
2086,legitimate,合法的な,0
2087,notorious,悪名高い,0
2088,vacant,空いている,0
2089,nonetheless,それにもかかわらず,0
2090,deliberately,故意に,0
2091,simultaneously,同時に,0
2092,invariably,いつも,0
2093,whereas,～である一方,0
